_id,type,from_icaoCode,to_icaoCode,actualTime
65e207ae9cfa213c20949234,arrival,lclk,eggd,2023-06-01t01:23:00.000
65e207ae9cfa213c20949235,arrival,leal,eggd,2023-06-01t01:53:00.000
65e207ae9cfa213c20949236,arrival,ltai,eggd,2023-06-01t01:31:00.000
65e207ae9cfa213c20949237,arrival,lcph,eggd,2023-06-01t01:35:00.000
65e207ae9cfa213c20949238,arrival,hesh,eggd,2023-06-01t02:10:00.000
65e207ae9cfa213c20949239,arrival,gclp,eggd,2023-06-01t01:05:00.000
65e207ae9cfa213c2094923a,arrival,ltbs,eggd,2023-06-01t01:28:00.000
65e207ae9cfa213c2094923b,arrival,ltai,eggd,2023-06-01t02:41:00.000
65e207ae9cfa213c2094923c,arrival,lgko,eggd,2023-06-01t02:13:00.000
65e207ae9cfa213c2094923d,arrival,lemd,eggd,2023-06-01t23:32:00.000
65e207ae9cfa213c2094923e,arrival,gcrr,eggd,2023-06-01t23:46:00.000
65e207ae9cfa213c2094923f,arrival,lgsk,eggd,2023-06-02t00:17:00.000
65e207ae9cfa213c20949240,arrival,ltbs,eggd,2023-06-02t00:29:00.000
65e207ae9cfa213c20949241,arrival,ltfe,eggd,2023-06-02t00:01:00.000
65e207ae9cfa213c20949242,arrival,lgir,eggd,2023-06-02t00:23:00.000
65e207ae9cfa213c20949243,arrival,lepa,eggd,2023-06-02t00:32:00.000
65e207ae9cfa213c20949244,arrival,gcrr,eggd,2023-06-02t00:42:00.000
65e207ae9cfa213c20949245,arrival,lpfr,eggd,2023-06-02t00:59:00.000
65e207ae9cfa213c20949246,arrival,ltai,eggd,2023-06-02t01:23:00.000
65e207ae9cfa213c20949247,arrival,gclp,eggd,2023-06-02t01:13:00.000
65e207ae9cfa213c20949248,arrival,ltai,eggd,2023-06-02t02:32:00.000
65e207ae9cfa213c20949249,arrival,lclk,eggd,2023-06-02t03:23:00.000
65e207ae9cfa213c2094924a,arrival,leal,eggd,2023-06-03t00:11:00.000
65e207ae9cfa213c2094924b,arrival,ltai,eggd,2023-06-02t23:47:00.000
65e207ae9cfa213c2094924c,arrival,lgrp,eggd,2023-06-03t00:09:00.000
65e207ae9cfa213c2094924d,arrival,ltbs,eggd,2023-06-03t00:14:00.000
65e207ae9cfa213c2094924e,arrival,lemg,eggd,2023-06-03t00:23:00.000
65e207ae9cfa213c2094924f,arrival,gcts,eggd,2023-06-03t00:05:00.000
65e207ae9cfa213c20949250,arrival,ltbs,eggd,2023-06-03t01:55:00.000
65e207ae9cfa213c20949251,arrival,ltbs,eggd,2023-06-03t02:39:00.000
65e207ae9cfa213c20949252,arrival,hegn,eggd,2023-06-03t03:52:00.000
65e207ae9cfa213c20949253,arrival,gcfv,eggd,2023-06-03t23:34:00.000
65e207ae9cfa213c20949254,arrival,lepa,eggd,2023-06-03t23:51:00.000
65e207ae9cfa213c20949255,arrival,ltbs,eggd,2023-06-03t23:31:00.000
65e207ae9cfa213c20949256,arrival,gcfv,eggd,2023-06-04t00:01:00.000
65e207ae9cfa213c20949257,arrival,leal,eggd,2023-06-04t00:04:00.000
65e207ae9cfa213c20949258,arrival,leib,eggd,2023-06-04t00:37:00.000
65e207ae9cfa213c20949259,arrival,lgrp,eggd,2023-06-04t00:57:00.000
65e207ae9cfa213c2094925a,arrival,lpfr,eggd,2023-06-04t01:21:00.000
65e207ae9cfa213c2094925b,arrival,lcph,eggd,2023-06-04t01:14:00.000
65e207ae9cfa213c2094925c,arrival,gclp,eggd,2023-06-04t00:46:00.000
65e207ae9cfa213c2094925d,arrival,hesh,eggd,2023-06-04t01:24:00.000
65e207ae9cfa213c2094925e,arrival,leal,eggd,2023-06-04t01:34:00.000
65e207ae9cfa213c2094925f,arrival,lgrp,eggd,2023-06-04t01:54:00.000
65e207ae9cfa213c20949260,arrival,hegn,eggd,2023-06-04t02:13:00.000
65e207ae9cfa213c20949261,arrival,lgko,eggd,2023-06-04t23:41:00.000
65e207ae9cfa213c20949262,arrival,ltfe,eggd,2023-06-04t23:47:00.000
65e207ae9cfa213c20949263,arrival,lgkf,eggd,2023-06-05t00:04:00.000
65e207ae9cfa213c20949264,arrival,gcrr,eggd,2023-06-04t23:35:00.000
65e207ae9cfa213c20949265,arrival,lebl,eggd,2023-06-05t00:00:00.000
65e207ae9cfa213c20949266,arrival,lirf,eggd,2023-06-05t00:13:00.000
65e207ae9cfa213c20949267,arrival,leib,eggd,2023-06-05t00:35:00.000
65e207ae9cfa213c20949268,arrival,gcrr,eggd,2023-06-05t00:31:00.000
65e207ae9cfa213c20949269,arrival,lcph,eggd,2023-06-05t00:58:00.000
65e207ae9cfa213c2094926a,arrival,gcts,eggd,2023-06-05t01:01:00.000
65e207ae9cfa213c2094926b,departure,lgkr,eggd,2023-06-02t05:49:00.000
65e207ae9cfa213c2094926c,arrival,ltai,eggd,2023-06-05t01:53:00.000
65e207ae9cfa213c2094926d,arrival,lgav,eggd,2023-06-05t02:02:00.000
65e207ae9cfa213c2094926e,arrival,leal,eggd,2023-06-05t01:28:00.000
65e207ae9cfa213c2094926f,arrival,ltbs,eggd,2023-06-05t02:22:00.000
65e207ae9cfa213c20949270,arrival,hesh,eggd,2023-06-05t02:15:00.000
65e207ae9cfa213c20949271,arrival,lclk,eggd,2023-06-05t04:02:00.000
65e207ae9cfa213c20949272,arrival,lkpr,eggd,2023-06-05t23:36:00.000
65e207ae9cfa213c20949273,arrival,gclp,eggd,2023-06-05t23:32:00.000
65e207ae9cfa213c20949274,arrival,lebl,eggd,2023-06-06t00:02:00.000
65e207ae9cfa213c20949275,arrival,ltai,eggd,2023-06-06t00:14:00.000
65e207ae9cfa213c20949276,arrival,ltbs,eggd,2023-06-05t23:57:00.000
65e207ae9cfa213c20949277,arrival,lmml,eggd,2023-06-06t00:30:00.000
65e207ae9cfa213c20949278,arrival,dtnh,eggd,2023-06-06t00:42:00.000
65e207ae9cfa213c20949279,arrival,lpfr,eggd,2023-06-06t00:59:00.000
65e207ae9cfa213c2094927a,arrival,leib,eggd,2023-06-06t01:24:00.000
65e207ae9cfa213c2094927b,arrival,lgkr,eggd,2023-06-06t01:18:00.000
65e207ae9cfa213c2094927c,arrival,leal,eggd,2023-06-06t01:46:00.000
65e207ae9cfa213c2094927d,arrival,gclp,eggd,2023-06-06t02:22:00.000
65e207ae9cfa213c2094927e,arrival,hegn,eggd,2023-06-06t02:57:00.000
65e207ae9cfa213c2094927f,arrival,ltbs,eggd,2023-06-06t02:48:00.000
65e207ae9cfa213c20949280,arrival,ltbs,eggd,2023-06-06t23:42:00.000
65e207ae9cfa213c20949281,arrival,lfmn,eggd,2023-06-07t01:07:00.000
65e207ae9cfa213c20949282,arrival,lpfr,eggd,2023-06-07t00:54:00.000
65e207ae9cfa213c20949283,arrival,hesh,eggd,2023-06-07t01:46:00.000
65e207ae9cfa213c20949284,arrival,leal,eggd,2023-06-07t01:54:00.000
65e207ae9cfa213c20949285,arrival,ltfe,eggd,2023-06-07t01:12:00.000
65e207ae9cfa213c20949286,arrival,lgrp,eggd,2023-06-07t01:38:00.000
65e207ae9cfa213c20949287,arrival,gcts,eggd,2023-06-07t01:36:00.000
65e207ae9cfa213c20949288,arrival,hegn,eggd,2023-06-07t02:29:00.000
65e207ae9cfa213c20949289,arrival,gvac,eggd,2023-06-07t02:54:00.000
65e207ae9cfa213c2094928a,arrival,egph,eggd,2023-06-07t23:43:00.000
65e207ae9cfa213c2094928b,arrival,eddk,eggd,2023-06-07t23:55:00.000
65e207ae9cfa213c2094928c,arrival,lime,eggd,2023-06-07t23:49:00.000
65e207ae9cfa213c2094928d,arrival,lebl,eggd,2023-06-08t00:06:00.000
65e207ae9cfa213c2094928e,arrival,lemg,eggd,2023-06-07t23:45:00.000
65e207ae9cfa213c2094928f,arrival,lgkf,eggd,2023-06-08t00:40:00.000
65e207ae9cfa213c20949290,arrival,lpfr,eggd,2023-06-08t01:23:00.000
65e207ae9cfa213c20949291,arrival,lclk,eggd,2023-06-08t00:55:00.000
65e207ae9cfa213c20949292,arrival,leal,eggd,2023-06-08t01:50:00.000
65e207ae9cfa213c20949293,arrival,ltai,eggd,2023-06-08t01:26:00.000
65e207ae9cfa213c20949294,arrival,lcph,eggd,2023-06-08t01:29:00.000
65e207ae9cfa213c20949295,arrival,hesh,eggd,2023-06-08t01:21:00.000
65e207ae9cfa213c20949296,arrival,gclp,eggd,2023-06-08t01:44:00.000
65e207ae9cfa213c20949297,arrival,ltbs,eggd,2023-06-08t02:23:00.000
65e207ae9cfa213c20949298,arrival,lgav,eggd,2023-06-08t02:06:00.000
65e207ae9cfa213c20949299,arrival,lgko,eggd,2023-06-08t02:27:00.000
65e207ae9cfa213c2094929a,arrival,egpf,eggd,2023-06-08t23:52:00.000
65e207ae9cfa213c2094929b,arrival,lipz,eggd,2023-06-09t00:09:00.000
65e207ae9cfa213c2094929c,arrival,leal,eggd,2023-06-08t23:32:00.000
65e207ae9cfa213c2094929d,arrival,ltbs,eggd,2023-06-09t00:05:00.000
65e207ae9cfa213c2094929e,arrival,lgir,eggd,2023-06-09t00:13:00.000
65e207ae9cfa213c2094929f,arrival,lepa,eggd,2023-06-09t00:25:00.000
65e207ae9cfa213c209492a0,arrival,lpfr,eggd,2023-06-09t00:59:00.000
65e207ae9cfa213c209492a1,arrival,ltai,eggd,2023-06-09t01:42:00.000
65e207ae9cfa213c209492a2,arrival,gclp,eggd,2023-06-09t01:32:00.000
65e207ae9cfa213c209492a3,arrival,ltfe,eggd,2023-06-09t02:36:00.000
65e207ae9cfa213c209492a4,arrival,ltai,eggd,2023-06-09t02:33:00.000
65e207ae9cfa213c209492a5,arrival,lclk,eggd,2023-06-09t03:31:00.000
65e207ae9cfa213c209492a6,arrival,eham,eggd,2023-06-09t23:35:00.000
65e207ae9cfa213c209492a7,arrival,eham,eggd,2023-06-09t23:35:00.000
65e207ae9cfa213c209492a8,arrival,eham,eggd,2023-06-09t23:35:00.000
65e207ae9cfa213c209492a9,arrival,ltai,eggd,2023-06-09t23:52:00.000
65e207ae9cfa213c209492aa,arrival,lclk,eggd,2023-06-09t23:38:00.000
65e207ae9cfa213c209492ab,arrival,lemd,eggd,2023-06-09t23:55:00.000
65e207ae9cfa213c209492ac,arrival,gcts,eggd,2023-06-10t00:28:00.000
65e207ae9cfa213c209492ad,arrival,lgkr,eggd,2023-06-10t01:43:00.000
65e207ae9cfa213c209492ae,arrival,lgmk,eggd,2023-06-10t01:00:00.000
65e207ae9cfa213c209492af,arrival,lpfr,eggd,2023-06-10t01:20:00.000
65e207ae9cfa213c209492b0,arrival,leal,eggd,2023-06-10t01:36:00.000
65e207ae9cfa213c209492b1,arrival,ltbs,eggd,2023-06-10t02:26:00.000
65e207ae9cfa213c209492b2,arrival,hegn,eggd,2023-06-10t03:36:00.000
65e207ae9cfa213c209492b3,arrival,ltbs,eggd,2023-06-11t00:03:00.000
65e207ae9cfa213c209492b4,arrival,lege,eggd,2023-06-11t00:19:00.000
65e207ae9cfa213c209492b5,arrival,gcfv,eggd,2023-06-10t23:48:00.000
65e207ae9cfa213c209492b6,arrival,leal,eggd,2023-06-10t23:44:00.000
65e207ae9cfa213c209492b7,arrival,lgkf,eggd,2023-06-11t00:49:00.000
65e207ae9cfa213c209492b8,arrival,lgrp,eggd,2023-06-11t01:16:00.000
65e207ae9cfa213c209492b9,arrival,lpfr,eggd,2023-06-11t00:37:00.000
65e207ae9cfa213c209492ba,arrival,gclp,eggd,2023-06-11t00:51:00.000
65e207ae9cfa213c209492bb,arrival,hesh,eggd,2023-06-11t01:31:00.000
65e207ae9cfa213c209492bc,arrival,leal,eggd,2023-06-11t01:21:00.000
65e207ae9cfa213c209492bd,arrival,lgrp,eggd,2023-06-11t01:49:00.000
65e207ae9cfa213c209492be,arrival,hegn,eggd,2023-06-11t01:45:00.000
65e207ae9cfa213c209492bf,arrival,ltbs,eggd,2023-06-11t02:08:00.000
65e207ae9cfa213c209492c0,arrival,egnt,eggd,2023-06-11t23:44:00.000
65e207ae9cfa213c209492c1,arrival,lgko,eggd,2023-06-11t23:32:00.000
65e207ae9cfa213c209492c2,arrival,gcrr,eggd,2023-06-12t00:00:00.000
65e207ae9cfa213c209492c3,arrival,leib,eggd,2023-06-12t00:55:00.000
65e207ae9cfa213c209492c4,arrival,gcrr,eggd,2023-06-12t00:51:00.000
65e207ae9cfa213c209492c5,arrival,lcph,eggd,2023-06-12t01:21:00.000
65e207ae9cfa213c209492c6,arrival,lpfr,eggd,2023-06-12t01:10:00.000
65e207ae9cfa213c209492c7,arrival,gcts,eggd,2023-06-12t00:24:00.000
65e207ae9cfa213c209492c8,arrival,ltai,eggd,2023-06-12t02:02:00.000
65e207ae9cfa213c209492c9,arrival,ltai,eggd,2023-06-12t01:58:00.000
65e207ae9cfa213c209492ca,arrival,hesh,eggd,2023-06-12t02:39:00.000
65e207ae9cfa213c209492cb,arrival,lclk,eggd,2023-06-12t04:35:00.000
65e207ae9cfa213c209492cc,arrival,gmmx,eggd,2023-06-13t00:16:00.000
65e207ae9cfa213c209492cd,arrival,lmml,eggd,2023-06-13t00:31:00.000
65e207ae9cfa213c209492ce,arrival,gclp,eggd,2023-06-13t02:41:00.000
65e207ae9cfa213c209492cf,arrival,ltbs,eggd,2023-06-13t23:32:00.000
65e207ae9cfa213c209492d0,arrival,egpf,eggd,2023-06-13t23:53:00.000
65e207ae9cfa213c209492d1,arrival,evra,eggd,2023-06-14t00:14:00.000
65e207ae9cfa213c209492d2,arrival,gcts,eggd,2023-06-13t23:33:00.000
65e207ae9cfa213c209492d3,arrival,eidw,eggd,2023-06-14t00:17:00.000
65e207ae9cfa213c209492d4,arrival,hesh,eggd,2023-06-14t01:27:00.000
65e207ae9cfa213c209492d5,arrival,leal,eggd,2023-06-14t01:35:00.000
65e207ae9cfa213c209492d6,arrival,lgrp,eggd,2023-06-14t01:40:00.000
65e207ae9cfa213c209492d7,arrival,gcts,eggd,2023-06-14t01:22:00.000
65e207ae9cfa213c209492d8,arrival,hegn,eggd,2023-06-14t02:17:00.000
65e207ae9cfa213c209492d9,arrival,ltai,eggd,2023-06-14t02:02:00.000
65e207ae9cfa213c209492da,arrival,ltai,eggd,2023-06-14t02:38:00.000
65e207ae9cfa213c209492db,arrival,ltbs,eggd,2023-06-14t02:08:00.000
65e207ae9cfa213c209492dc,arrival,gvac,eggd,2023-06-14t02:41:00.000
65e207ae9cfa213c209492dd,arrival,eddk,eggd,2023-06-14t23:38:00.000
65e207ae9cfa213c209492de,arrival,gcfv,eggd,2023-06-14t23:31:00.000
65e207ae9cfa213c209492df,arrival,lebl,eggd,2023-06-15t00:00:00.000
65e207ae9cfa213c209492e0,arrival,lgkf,eggd,2023-06-15t00:51:00.000
65e207ae9cfa213c209492e1,arrival,lgir,eggd,2023-06-15t00:38:00.000
65e207ae9cfa213c209492e2,arrival,lpfr,eggd,2023-06-15t01:01:00.000
65e207ae9cfa213c209492e3,arrival,lclk,eggd,2023-06-15t01:24:00.000
65e207ae9cfa213c209492e4,arrival,leal,eggd,2023-06-15t01:47:00.000
65e207ae9cfa213c209492e5,arrival,lcph,eggd,2023-06-15t01:12:00.000
65e207ae9cfa213c209492e6,arrival,hesh,eggd,2023-06-15t01:16:00.000
65e207ae9cfa213c209492e7,arrival,ltbs,eggd,2023-06-15t01:34:00.000
65e207ae9cfa213c209492e8,arrival,lgav,eggd,2023-06-15t02:24:00.000
65e207ae9cfa213c209492e9,arrival,ltai,eggd,2023-06-15t02:40:00.000
65e207ae9cfa213c209492ea,arrival,lgko,eggd,2023-06-15t02:29:00.000
65e207ae9cfa213c209492eb,arrival,lgko,eggd,2023-06-15t23:37:00.000
65e207ae9cfa213c209492ec,arrival,lipz,eggd,2023-06-15t23:55:00.000
65e207ae9cfa213c209492ed,arrival,lgsk,eggd,2023-06-15t23:46:00.000
65e207ae9cfa213c209492ee,arrival,ltbs,eggd,2023-06-15t23:59:00.000
65e207ae9cfa213c209492ef,arrival,ltfe,eggd,2023-06-16t00:10:00.000
65e207ae9cfa213c209492f0,arrival,lgir,eggd,2023-06-16t00:05:00.000
65e207ae9cfa213c209492f1,arrival,lepa,eggd,2023-06-16t00:46:00.000
65e207ae9cfa213c209492f2,arrival,gcrr,eggd,2023-06-16t00:32:00.000
65e207ae9cfa213c209492f3,arrival,ltai,eggd,2023-06-16t01:10:00.000
65e207ae9cfa213c209492f4,arrival,gclp,eggd,2023-06-16t01:26:00.000
65e207ae9cfa213c209492f5,arrival,ltfe,eggd,2023-06-16t02:44:00.000
65e207ae9cfa213c209492f6,arrival,ltai,eggd,2023-06-16t02:30:00.000
65e207ae9cfa213c209492f7,arrival,lfrs,eggd,2023-06-16t23:33:00.000
65e207ae9cfa213c209492f8,arrival,egaa,eggd,2023-06-16t23:50:00.000
65e207ae9cfa213c209492f9,arrival,lgrp,eggd,2023-06-16t23:55:00.000
65e207ae9cfa213c209492fa,arrival,lebl,eggd,2023-06-17t00:03:00.000
65e207ae9cfa213c209492fb,arrival,lddu,eggd,2023-06-16t23:44:00.000
65e207ae9cfa213c209492fc,arrival,ltbs,eggd,2023-06-17t00:18:00.000
65e207ae9cfa213c209492fd,arrival,lemg,eggd,2023-06-16t23:52:00.000
65e207ae9cfa213c209492fe,arrival,gcts,eggd,2023-06-17t00:00:00.000
65e207ae9cfa213c209492ff,arrival,lege,eggd,2023-06-17t00:42:00.000
65e207ae9cfa213c20949300,arrival,lgrp,eggd,2023-06-17t01:19:00.000
65e207ae9cfa213c20949301,arrival,lgkr,eggd,2023-06-17t01:24:00.000
65e207ae9cfa213c20949302,arrival,lgmk,eggd,2023-06-17t00:48:00.000
65e207ae9cfa213c20949303,arrival,lpfr,eggd,2023-06-17t01:09:00.000
65e207ae9cfa213c20949304,arrival,leal,eggd,2023-06-17t01:21:00.000
65e207ae9cfa213c20949305,arrival,ltbs,eggd,2023-06-17t03:09:00.000
65e207ae9cfa213c20949306,arrival,hegn,eggd,2023-06-17t03:28:00.000
65e207ae9cfa213c20949307,arrival,lemh,eggd,2023-06-17t23:32:00.000
65e207ae9cfa213c20949308,arrival,lppr,eggd,2023-06-17t23:43:00.000
65e207ae9cfa213c20949309,arrival,lgrp,eggd,2023-06-18t00:02:00.000
65e207ae9cfa213c2094930a,arrival,lepa,eggd,2023-06-18t00:04:00.000
65e207ae9cfa213c2094930b,arrival,ltbs,eggd,2023-06-17t23:52:00.000
65e207ae9cfa213c2094930c,arrival,lcph,eggd,2023-06-17t23:59:00.000
65e207ae9cfa213c2094930d,arrival,gcfv,eggd,2023-06-17t23:57:00.000
65e207ae9cfa213c2094930e,arrival,leal,eggd,2023-06-17t23:49:00.000
65e207ae9cfa213c2094930f,arrival,leib,eggd,2023-06-18t00:19:00.000
65e207ae9cfa213c20949310,arrival,lgkf,eggd,2023-06-18t00:57:00.000
65e207ae9cfa213c20949311,arrival,gclp,eggd,2023-06-18t00:42:00.000
65e207ae9cfa213c20949312,arrival,hesh,eggd,2023-06-18t00:52:00.000
65e207ae9cfa213c20949313,arrival,lgrp,eggd,2023-06-18t01:46:00.000
65e207ae9cfa213c20949314,arrival,eham,eggd,2023-06-18t23:38:00.000
65e207ae9cfa213c20949315,arrival,eham,eggd,2023-06-18t23:38:00.000
65e207ae9cfa213c20949316,arrival,eham,eggd,2023-06-18t23:38:00.000
65e207ae9cfa213c20949317,arrival,lemd,eggd,2023-06-18t23:35:00.000
65e207ae9cfa213c20949318,arrival,lcph,eggd,2023-06-18t23:51:00.000
65e207ae9cfa213c20949319,arrival,gcrr,eggd,2023-06-18t23:47:00.000
65e207ae9cfa213c2094931a,arrival,leal,eggd,2023-06-18t23:41:00.000
65e207ae9cfa213c2094931b,arrival,gcrr,eggd,2023-06-19t00:39:00.000
65e207ae9cfa213c2094931c,arrival,lcph,eggd,2023-06-19t01:17:00.000
65e207ae9cfa213c2094931d,arrival,lpfr,eggd,2023-06-19t00:54:00.000
65e207ae9cfa213c2094931e,arrival,gcts,eggd,2023-06-19t01:06:00.000
65e207ae9cfa213c2094931f,arrival,hesh,eggd,2023-06-19t03:03:00.000
65e207ae9cfa213c20949320,arrival,lclk,eggd,2023-06-19t04:05:00.000
65e207ae9cfa213c20949321,arrival,lemd,eggd,2023-06-19t23:42:00.000
65e207ae9cfa213c20949322,arrival,ltai,eggd,2023-06-19t23:33:00.000
65e207ae9cfa213c20949323,arrival,gmmx,eggd,2023-06-19t23:30:00.000
65e207ae9cfa213c20949324,arrival,lebl,eggd,2023-06-19t23:44:00.000
65e207ae9cfa213c20949325,arrival,ltai,eggd,2023-06-19t23:38:00.000
65e207ae9cfa213c20949326,arrival,ltbs,eggd,2023-06-19t23:59:00.000
65e207ae9cfa213c20949327,arrival,lmml,eggd,2023-06-20t00:05:00.000
65e207ae9cfa213c20949328,arrival,dtnh,eggd,2023-06-20t00:54:00.000
65e207ae9cfa213c20949329,arrival,lpfr,eggd,2023-06-20t01:07:00.000
65e207ae9cfa213c2094932a,arrival,lbbg,eggd,2023-06-20t01:39:00.000
65e207ae9cfa213c2094932b,arrival,leib,eggd,2023-06-20t01:52:00.000
65e207ae9cfa213c2094932c,arrival,lgkr,eggd,2023-06-20t01:30:00.000
65e207ae9cfa213c2094932d,arrival,gclp,eggd,2023-06-20t02:34:00.000
65e207ae9cfa213c2094932e,arrival,hegn,eggd,2023-06-20t02:43:00.000
65e207ae9cfa213c2094932f,arrival,ltbs,eggd,2023-06-20t03:13:00.000
65e207ae9cfa213c20949330,arrival,egpf,eggd,2023-06-20t23:54:00.000
65e207ae9cfa213c20949331,arrival,evra,eggd,2023-06-20t23:32:00.000
65e207ae9cfa213c20949332,arrival,lppr,eggd,2023-06-20t23:47:00.000
65e207ae9cfa213c20949333,arrival,lebl,eggd,2023-06-21t00:05:00.000
65e207ae9cfa213c20949334,arrival,lfmn,eggd,2023-06-21t00:40:00.000
65e207ae9cfa213c20949335,arrival,lpfr,eggd,2023-06-21t00:33:00.000
65e207ae9cfa213c20949336,arrival,ltfe,eggd,2023-06-21t01:50:00.000
65e207ae9cfa213c20949337,arrival,lgrp,eggd,2023-06-21t01:34:00.000
65e207ae9cfa213c20949338,arrival,gcts,eggd,2023-06-21t01:45:00.000
65e207ae9cfa213c20949339,arrival,ltai,eggd,2023-06-21t02:12:00.000
65e207ae9cfa213c2094933a,arrival,ltbs,eggd,2023-06-21t03:19:00.000
65e207ae9cfa213c2094933b,arrival,gvac,eggd,2023-06-21t02:36:00.000
65e207ae9cfa213c2094933c,arrival,gcfv,eggd,2023-06-21t23:37:00.000
65e207ae9cfa213c2094933d,arrival,lebl,eggd,2023-06-21t23:42:00.000
65e207ae9cfa213c2094933e,arrival,lemg,eggd,2023-06-21t23:39:00.000
65e207ae9cfa213c2094933f,arrival,lgkf,eggd,2023-06-22t01:12:00.000
65e207ae9cfa213c20949340,arrival,lpfr,eggd,2023-06-22t00:51:00.000
65e207ae9cfa213c20949341,arrival,lclk,eggd,2023-06-22t00:45:00.000
65e207ae9cfa213c20949342,arrival,hesh,eggd,2023-06-22t01:18:00.000
65e207ae9cfa213c20949343,arrival,gclp,eggd,2023-06-22t01:45:00.000
65e207ae9cfa213c20949344,arrival,ltbs,eggd,2023-06-22t01:41:00.000
65e207ae9cfa213c20949345,arrival,lgav,eggd,2023-06-22t02:18:00.000
65e207ae9cfa213c20949346,arrival,lgko,eggd,2023-06-22t02:23:00.000
65e207ae9cfa213c20949347,arrival,kmlb,eggd,2023-06-22t05:59:00.000
65e207ae9cfa213c20949348,arrival,gcts,eggd,2023-06-22t23:31:00.000
65e207ae9cfa213c20949349,arrival,lipz,eggd,2023-06-22t23:43:00.000
65e207ae9cfa213c2094934a,arrival,leal,eggd,2023-06-23t00:10:00.000
65e207ae9cfa213c2094934b,arrival,lepa,eggd,2023-06-23t00:59:00.000
65e207ae9cfa213c2094934c,arrival,lpfr,eggd,2023-06-23t01:24:00.000
65e207ae9cfa213c2094934d,arrival,gclp,eggd,2023-06-23t01:12:00.000
65e207ae9cfa213c2094934e,arrival,ltai,eggd,2023-06-23t02:18:00.000
65e207ae9cfa213c2094934f,arrival,egaa,eggd,2023-06-23t23:38:00.000
65e207ae9cfa213c20949350,arrival,ltai,eggd,2023-06-24t00:01:00.000
65e207ae9cfa213c20949351,arrival,lclk,eggd,2023-06-23t23:55:00.000
65e207ae9cfa213c20949352,arrival,lgrp,eggd,2023-06-24t00:12:00.000
65e207ae9cfa213c20949353,arrival,lebl,eggd,2023-06-24t00:09:00.000
65e207ae9cfa213c20949354,arrival,lddu,eggd,2023-06-23t23:35:00.000
65e207ae9cfa213c20949355,arrival,lemg,eggd,2023-06-24t00:07:00.000
65e207ae9cfa213c20949356,arrival,gcts,eggd,2023-06-24t00:23:00.000
65e207ae9cfa213c20949357,arrival,lege,eggd,2023-06-24t00:49:00.000
65e207ae9cfa213c20949358,arrival,lgmk,eggd,2023-06-24t00:33:00.000
65e207ae9cfa213c20949359,arrival,lpfr,eggd,2023-06-24t01:45:00.000
65e207ae9cfa213c2094935a,arrival,leal,eggd,2023-06-24t01:12:00.000
65e207ae9cfa213c2094935b,arrival,ltbs,eggd,2023-06-24t03:27:00.000
65e207ae9cfa213c2094935c,arrival,hegn,eggd,2023-06-24t03:30:00.000
65e207ae9cfa213c2094935d,arrival,ltbs,eggd,2023-06-25t00:01:00.000
65e207ae9cfa213c2094935e,arrival,lepa,eggd,2023-06-24t23:30:00.000
65e207ae9cfa213c2094935f,arrival,gcfv,eggd,2023-06-24t23:38:00.000
65e207ae9cfa213c20949360,arrival,leal,eggd,2023-06-24t23:41:00.000
65e207ae9cfa213c20949361,arrival,leib,eggd,2023-06-25t00:23:00.000
65e207ae9cfa213c20949362,arrival,lgkf,eggd,2023-06-25t00:34:00.000
65e207ae9cfa213c20949363,arrival,lpfr,eggd,2023-06-25t00:39:00.000
65e207ae9cfa213c20949364,arrival,hesh,eggd,2023-06-25t00:51:00.000
65e207ae9cfa213c20949365,arrival,leal,eggd,2023-06-25t01:14:00.000
65e207ae9cfa213c20949366,arrival,hegn,eggd,2023-06-25t01:52:00.000
65e207ae9cfa213c20949367,arrival,ltbs,eggd,2023-06-25t01:48:00.000
65e207ae9cfa213c20949368,arrival,lcph,eggd,2023-06-25t23:38:00.000
65e207ae9cfa213c20949369,arrival,lgkf,eggd,2023-06-26t00:07:00.000
65e207ae9cfa213c2094936a,arrival,lebl,eggd,2023-06-25t23:48:00.000
65e207ae9cfa213c2094936b,arrival,leal,eggd,2023-06-25t23:45:00.000
65e207ae9cfa213c2094936c,arrival,lirf,eggd,2023-06-25t23:31:00.000
65e207ae9cfa213c2094936d,arrival,egpf,eggd,2023-06-26t00:00:00.000
65e207ae9cfa213c2094936e,arrival,gcrr,eggd,2023-06-26t00:55:00.000
65e207ae9cfa213c2094936f,arrival,lcph,eggd,2023-06-26t00:39:00.000
65e207ae9cfa213c20949370,arrival,gcts,eggd,2023-06-26t00:53:00.000
65e207ae9cfa213c20949371,arrival,ltai,eggd,2023-06-26t01:28:00.000
65e207ae9cfa213c20949372,arrival,leal,eggd,2023-06-26t02:13:00.000
65e207ae9cfa213c20949373,arrival,ltbs,eggd,2023-06-26t01:57:00.000
65e207ae9cfa213c20949374,arrival,hesh,eggd,2023-06-26t02:50:00.000
65e207ae9cfa213c20949375,arrival,lclk,eggd,2023-06-26t04:08:00.000
65e207ae9cfa213c20949376,arrival,ltai,eggd,2023-06-26t23:47:00.000
65e207ae9cfa213c20949377,arrival,lclk,eggd,2023-06-26t23:39:00.000
65e207ae9cfa213c20949378,arrival,gmmx,eggd,2023-06-26t23:50:00.000
65e207ae9cfa213c20949379,arrival,ltai,eggd,2023-06-26t23:36:00.000
65e207ae9cfa213c2094937a,arrival,lmml,eggd,2023-06-27t00:06:00.000
65e207ae9cfa213c2094937b,arrival,dtnh,eggd,2023-06-27t00:03:00.000
65e207ae9cfa213c2094937c,arrival,lepa,eggd,2023-06-27t01:03:00.000
65e207ae9cfa213c2094937d,arrival,lpfr,eggd,2023-06-27t00:46:00.000
65e207ae9cfa213c2094937e,arrival,lbbg,eggd,2023-06-27t01:07:00.000
65e207ae9cfa213c2094937f,arrival,lgmk,eggd,2023-06-27t00:49:00.000
65e207ae9cfa213c20949380,arrival,lgkr,eggd,2023-06-27t01:35:00.000
65e207ae9cfa213c20949381,arrival,leal,eggd,2023-06-27t01:44:00.000
65e207ae9cfa213c20949382,arrival,gclp,eggd,2023-06-27t02:24:00.000
65e207ae9cfa213c20949383,arrival,hegn,eggd,2023-06-27t02:40:00.000
65e207ae9cfa213c20949384,arrival,evra,eggd,2023-06-27t23:39:00.000
65e207ae9cfa213c20949385,arrival,lppr,eggd,2023-06-27t23:31:00.000
65e207ae9cfa213c20949386,arrival,lebl,eggd,2023-06-27t23:43:00.000
65e207ae9cfa213c20949387,arrival,lepa,eggd,2023-06-28t00:12:00.000
65e207ae9cfa213c20949388,arrival,lemd,eggd,2023-06-28t00:22:00.000
65e207ae9cfa213c20949389,arrival,lfmn,eggd,2023-06-28t00:35:00.000
65e207ae9cfa213c2094938a,arrival,lpfr,eggd,2023-06-28t00:31:00.000
65e207ae9cfa213c2094938b,arrival,lpfr,eggd,2023-06-28t01:07:00.000
65e207ae9cfa213c2094938c,arrival,leal,eggd,2023-06-28t01:58:00.000
65e207ae9cfa213c2094938d,arrival,lgrp,eggd,2023-06-28t01:26:00.000
65e207ae9cfa213c2094938e,arrival,gcts,eggd,2023-06-28t01:30:00.000
65e207ae9cfa213c2094938f,arrival,ltbs,eggd,2023-06-28t01:35:00.000
65e207ae9cfa213c20949390,arrival,hegn,eggd,2023-06-28t01:55:00.000
65e207ae9cfa213c20949391,arrival,ltai,eggd,2023-06-28t03:09:00.000
65e207ae9cfa213c20949392,arrival,ltai,eggd,2023-06-28t02:36:00.000
65e207ae9cfa213c20949393,arrival,ltbs,eggd,2023-06-28t02:21:00.000
65e207ae9cfa213c20949394,arrival,gvac,eggd,2023-06-28t02:48:00.000
65e207ae9cfa213c20949395,arrival,egph,eggd,2023-06-28t23:34:00.000
65e207ae9cfa213c20949396,arrival,egpf,eggd,2023-06-29t00:04:00.000
65e207ae9cfa213c20949397,arrival,lpfr,eggd,2023-06-28t23:39:00.000
65e207ae9cfa213c20949398,arrival,lebl,eggd,2023-06-28t23:48:00.000
65e207ae9cfa213c20949399,arrival,lemg,eggd,2023-06-28t23:52:00.000
65e207ae9cfa213c2094939a,arrival,lgkf,eggd,2023-06-29t01:23:00.000
65e207ae9cfa213c2094939b,arrival,lgir,eggd,2023-06-29t00:48:00.000
65e207ae9cfa213c2094939c,arrival,lpfr,eggd,2023-06-29t01:20:00.000
65e207ae9cfa213c2094939d,arrival,lclk,eggd,2023-06-29t01:13:00.000
65e207ae9cfa213c2094939e,arrival,leal,eggd,2023-06-29t01:50:00.000
65e207ae9cfa213c2094939f,arrival,lcph,eggd,2023-06-29t01:29:00.000
65e207ae9cfa213c209493a0,arrival,hesh,eggd,2023-06-29t01:16:00.000
65e207ae9cfa213c209493a1,arrival,gclp,eggd,2023-06-29t01:10:00.000
65e207ae9cfa213c209493a2,arrival,ltbs,eggd,2023-06-29t02:04:00.000
65e207ae9cfa213c209493a3,arrival,lgav,eggd,2023-06-29t01:45:00.000
65e207ae9cfa213c209493a4,arrival,lgko,eggd,2023-06-29t02:28:00.000
65e207ae9cfa213c209493a5,arrival,lipz,eggd,2023-06-30t00:07:00.000
65e207ae9cfa213c209493a6,arrival,gcrr,eggd,2023-06-30t00:10:00.000
65e207ae9cfa213c209493a7,arrival,lebl,eggd,2023-06-29t23:39:00.000
65e207ae9cfa213c209493a8,arrival,ltbs,eggd,2023-06-29t23:43:00.000
65e207ae9cfa213c209493a9,arrival,ltfe,eggd,2023-06-30t00:17:00.000
65e207ae9cfa213c209493aa,arrival,lgir,eggd,2023-06-30t00:01:00.000
65e207ae9cfa213c209493ab,arrival,lepa,eggd,2023-06-30t00:47:00.000
65e207ae9cfa213c209493ac,arrival,gcrr,eggd,2023-06-30t00:55:00.000
65e207ae9cfa213c209493ad,arrival,lpfr,eggd,2023-06-30t00:58:00.000
65e207ae9cfa213c209493ae,arrival,ltai,eggd,2023-06-30t01:15:00.000
65e207ae9cfa213c209493af,arrival,gclp,eggd,2023-06-30t01:38:00.000
65e207ae9cfa213c209493b0,arrival,ltfe,eggd,2023-06-30t01:57:00.000
65e207ae9cfa213c209493b1,arrival,ltai,eggd,2023-06-30t02:59:00.000
65e207ae9cfa213c209493b2,arrival,lclk,eggd,2023-06-30t03:47:00.000
65e207ae9cfa213c209493b3,arrival,egpf,eggd,2023-06-30t23:50:00.000
65e207ae9cfa213c209493b4,arrival,lebl,eggd,2023-06-30t23:35:00.000
65e207ae9cfa213c209493b5,arrival,lddu,eggd,2023-06-30t23:58:00.000
65e207ae9cfa213c209493b6,arrival,lemg,eggd,2023-07-01t00:03:00.000
65e207ae9cfa213c209493b7,arrival,gcts,eggd,2023-07-01t00:15:00.000
65e207ae9cfa213c209493b8,arrival,ltbs,eggd,2023-07-01t02:23:00.000
65e207ae9cfa213c209493b9,arrival,ltbs,eggd,2023-07-01t03:10:00.000
65e207ae9cfa213c209493ba,arrival,hegn,eggd,2023-07-01t03:43:00.000
65e207ae9cfa213c209493bb,arrival,ltai,eggd,2023-07-01t23:42:00.000
65e207ae9cfa213c209493bc,arrival,lemh,eggd,2023-07-01t23:34:00.000
65e207ae9cfa213c209493bd,arrival,lppr,eggd,2023-07-01t23:31:00.000
65e207ae9cfa213c209493be,arrival,lgrp,eggd,2023-07-01t23:48:00.000
65e207ae9cfa213c209493bf,arrival,lepa,eggd,2023-07-01t23:36:00.000
65e207ae9cfa213c209493c0,arrival,ltbs,eggd,2023-07-01t23:39:00.000
65e207ae9cfa213c209493c1,arrival,lege,eggd,2023-07-02t00:23:00.000
65e207ae9cfa213c209493c2,arrival,lcph,eggd,2023-07-01t23:45:00.000
65e207ae9cfa213c209493c3,arrival,lirn,eggd,2023-07-01t23:51:00.000
65e207ae9cfa213c209493c4,arrival,gcfv,eggd,2023-07-01t23:57:00.000
65e207ae9cfa213c209493c5,arrival,leal,eggd,2023-07-02t00:02:00.000
65e207ae9cfa213c209493c6,arrival,leib,eggd,2023-07-02t00:47:00.000
65e207ae9cfa213c209493c7,arrival,lgkf,eggd,2023-07-02t00:53:00.000
65e207ae9cfa213c209493c8,arrival,lpfr,eggd,2023-07-02t00:50:00.000
65e207ae9cfa213c209493c9,arrival,gclp,eggd,2023-07-02t00:56:00.000
65e207ae9cfa213c209493ca,arrival,leal,eggd,2023-07-02t01:45:00.000
65e207ae9cfa213c209493cb,arrival,lgrp,eggd,2023-07-02t02:26:00.000
65e207ae9cfa213c209493cc,arrival,ltbs,eggd,2023-07-02t02:30:00.000
65e207ae9cfa213c209493cd,arrival,lgsa,eggd,2023-07-02t03:41:00.000
65e207ae9cfa213c209493ce,arrival,lgko,eggd,2023-07-02t23:31:00.000
65e207ae9cfa213c209493cf,arrival,ltfe,eggd,2023-07-02t23:51:00.000
65e207ae9cfa213c209493d0,arrival,lcph,eggd,2023-07-02t23:35:00.000
65e207ae9cfa213c209493d1,arrival,lirf,eggd,2023-07-03t00:07:00.000
65e207ae9cfa213c209493d2,arrival,egpf,eggd,2023-07-02t23:39:00.000
65e207ae9cfa213c209493d3,arrival,gcrr,eggd,2023-07-03t00:43:00.000
65e207ae9cfa213c209493d4,arrival,lcph,eggd,2023-07-03t00:37:00.000
65e207ae9cfa213c209493d5,arrival,gcts,eggd,2023-07-03t00:14:00.000
65e207ae9cfa213c209493d6,arrival,ltai,eggd,2023-07-03t01:57:00.000
65e207ae9cfa213c209493d7,arrival,lgav,eggd,2023-07-03t02:12:00.000
65e207ae9cfa213c209493d8,arrival,leal,eggd,2023-07-03t01:37:00.000
65e207ae9cfa213c209493d9,arrival,ltbs,eggd,2023-07-03t02:39:00.000
65e207ae9cfa213c209493da,arrival,hesh,eggd,2023-07-03t01:41:00.000
65e207ae9cfa213c209493db,arrival,lclk,eggd,2023-07-03t03:46:00.000
65e207ae9cfa213c209493dc,arrival,lfrs,eggd,2023-07-03t23:35:00.000
65e207ae9cfa213c209493dd,arrival,gclp,eggd,2023-07-03t23:48:00.000
65e207ae9cfa213c209493de,arrival,ltbs,eggd,2023-07-03t23:58:00.000
65e207ae9cfa213c209493df,arrival,lmml,eggd,2023-07-03t23:32:00.000
65e207ae9cfa213c209493e0,arrival,dtnh,eggd,2023-07-04t00:16:00.000
65e207ae9cfa213c209493e1,arrival,lpfr,eggd,2023-07-04t00:57:00.000
65e207ae9cfa213c209493e2,arrival,lbbg,eggd,2023-07-04t01:21:00.000
65e207ae9cfa213c209493e3,arrival,lgmk,eggd,2023-07-04t00:55:00.000
65e207ae9cfa213c209493e4,arrival,lgkr,eggd,2023-07-04t01:17:00.000
65e207ae9cfa213c209493e5,arrival,gclp,eggd,2023-07-04t02:10:00.000
65e207ae9cfa213c209493e6,arrival,hegn,eggd,2023-07-04t02:59:00.000
65e207ae9cfa213c209493e7,arrival,ltbs,eggd,2023-07-04t02:55:00.000
65e207ae9cfa213c209493e8,arrival,evra,eggd,2023-07-04t23:44:00.000
65e207ae9cfa213c209493e9,arrival,eidw,eggd,2023-07-04t23:47:00.000
65e207ae9cfa213c209493ea,arrival,lemd,eggd,2023-07-05t00:33:00.000
65e207ae9cfa213c209493eb,arrival,lfmn,eggd,2023-07-05t00:04:00.000
65e207ae9cfa213c209493ec,arrival,lpfr,eggd,2023-07-05t01:06:00.000
65e207ae9cfa213c209493ed,arrival,lpfr,eggd,2023-07-05t00:52:00.000
65e207ae9cfa213c209493ee,arrival,leal,eggd,2023-07-05t01:15:00.000
65e207ae9cfa213c209493ef,arrival,lgrp,eggd,2023-07-05t01:53:00.000
65e207ae9cfa213c209493f0,arrival,gcts,eggd,2023-07-05t01:19:00.000
65e207ae9cfa213c209493f1,arrival,ltbs,eggd,2023-07-05t02:01:00.000
65e207ae9cfa213c209493f2,arrival,lgsa,eggd,2023-07-05t02:07:00.000
65e207ae9cfa213c209493f3,arrival,hegn,eggd,2023-07-05t02:11:00.000
65e207ae9cfa213c209493f4,arrival,ltai,eggd,2023-07-05t02:52:00.000
65e207ae9cfa213c209493f5,arrival,ltai,eggd,2023-07-05t02:32:00.000
65e207ae9cfa213c209493f6,arrival,ltbs,eggd,2023-07-05t02:04:00.000
65e207ae9cfa213c209493f7,arrival,gvac,eggd,2023-07-05t02:47:00.000
65e207ae9cfa213c209493f8,arrival,lemd,eggd,2023-07-05t23:58:00.000
65e207ae9cfa213c209493f9,arrival,egpf,eggd,2023-07-05t23:32:00.000
65e207ae9cfa213c209493fa,arrival,lemg,eggd,2023-07-05t23:42:00.000
65e207ae9cfa213c209493fb,arrival,lgkf,eggd,2023-07-06t00:39:00.000
65e207ae9cfa213c209493fc,arrival,lpfr,eggd,2023-07-06t01:10:00.000
65e207ae9cfa213c209493fd,arrival,lclk,eggd,2023-07-06t01:18:00.000
65e207ae9cfa213c209493fe,departure,eidw,eggd,2023-06-08t05:59:00.000
65e207ae9cfa213c209493ff,departure,lgkr,eggd,2023-06-09t05:52:00.000
65e207ae9cfa213c20949400,departure,lgkr,eggd,2023-06-16t05:51:00.000
65e207ae9cfa213c20949401,departure,lfpb,eggd,2023-06-26t00:04:00.000
65e207ae9cfa213c20949402,departure,lgkr,eggd,2023-06-30t05:50:00.000
65e207ae9cfa213c20949403,arrival,hesh,eggd,2023-07-06t01:32:00.000
65e207ae9cfa213c20949404,arrival,gclp,eggd,2023-07-06t02:09:00.000
65e207ae9cfa213c20949405,arrival,ltbs,eggd,2023-07-06t01:48:00.000
65e207ae9cfa213c20949406,arrival,lgav,eggd,2023-07-06t02:34:00.000
65e207ae9cfa213c20949407,arrival,lgko,eggd,2023-07-06t02:25:00.000
65e207ae9cfa213c20949408,arrival,lfbh,eggd,2023-07-06t23:43:00.000
65e207ae9cfa213c20949409,arrival,lgko,eggd,2023-07-06t23:50:00.000
65e207ae9cfa213c2094940a,arrival,ltbs,eggd,2023-07-07t00:00:00.000
65e207ae9cfa213c2094940b,arrival,ltfe,eggd,2023-07-07t00:07:00.000
65e207ae9cfa213c2094940c,arrival,gcrr,eggd,2023-07-07t00:29:00.000
65e207ae9cfa213c2094940d,arrival,lpfr,eggd,2023-07-07t01:04:00.000
65e207ae9cfa213c2094940e,arrival,leal,eggd,2023-07-07t01:48:00.000
65e207ae9cfa213c2094940f,arrival,ltai,eggd,2023-07-07t01:30:00.000
65e207ae9cfa213c20949410,arrival,gclp,eggd,2023-07-07t01:14:00.000
65e207ae9cfa213c20949411,arrival,ltfe,eggd,2023-07-07t02:43:00.000
65e207ae9cfa213c20949412,arrival,ltai,eggd,2023-07-07t02:37:00.000
65e207ae9cfa213c20949413,arrival,lclk,eggd,2023-07-07t03:25:00.000
65e207ae9cfa213c20949414,arrival,lebl,eggd,2023-07-08t00:07:00.000
65e207ae9cfa213c20949415,arrival,lemd,eggd,2023-07-07t23:48:00.000
65e207ae9cfa213c20949416,arrival,lddu,eggd,2023-07-07t23:36:00.000
65e207ae9cfa213c20949417,arrival,lemg,eggd,2023-07-07t23:57:00.000
65e207ae9cfa213c20949418,arrival,lege,eggd,2023-07-08t00:26:00.000
65e207ae9cfa213c20949419,arrival,lgrp,eggd,2023-07-08t00:56:00.000
65e207ae9cfa213c2094941a,arrival,lgkr,eggd,2023-07-08t01:21:00.000
65e207ae9cfa213c2094941b,arrival,lgmk,eggd,2023-07-08t01:02:00.000
65e207ae9cfa213c2094941c,arrival,lpfr,eggd,2023-07-08t01:35:00.000
65e207ae9cfa213c2094941d,arrival,leal,eggd,2023-07-08t01:59:00.000
65e207ae9cfa213c2094941e,arrival,ltbs,eggd,2023-07-08t02:33:00.000
65e207ae9cfa213c2094941f,arrival,ltbs,eggd,2023-07-08t03:11:00.000
65e207ae9cfa213c20949420,arrival,hegn,eggd,2023-07-08t03:45:00.000
65e207ae9cfa213c20949421,arrival,lepa,eggd,2023-07-09t00:10:00.000
65e207ae9cfa213c20949422,arrival,lirn,eggd,2023-07-08t23:48:00.000
65e207ae9cfa213c20949423,arrival,gcfv,eggd,2023-07-08t23:51:00.000
65e207ae9cfa213c20949424,arrival,leal,eggd,2023-07-08t23:39:00.000
65e207ae9cfa213c20949425,arrival,leib,eggd,2023-07-09t00:45:00.000
65e207ae9cfa213c20949426,arrival,gclp,eggd,2023-07-09t01:42:00.000
65e207ae9cfa213c20949427,arrival,ltbs,eggd,2023-07-09t02:19:00.000
65e207ae9cfa213c20949428,arrival,lgsa,eggd,2023-07-09t04:12:00.000
65e207ae9cfa213c20949429,arrival,lebl,eggd,2023-07-10t00:17:00.000
65e207ae9cfa213c2094942a,arrival,egpf,eggd,2023-07-10t00:06:00.000
65e207ae9cfa213c2094942b,arrival,leib,eggd,2023-07-10t00:45:00.000
65e207ae9cfa213c2094942c,arrival,gcrr,eggd,2023-07-10t00:50:00.000
65e207ae9cfa213c2094942d,arrival,gcts,eggd,2023-07-10t00:39:00.000
65e207ae9cfa213c2094942e,arrival,ltai,eggd,2023-07-10t01:53:00.000
65e207ae9cfa213c2094942f,arrival,ltbs,eggd,2023-07-10t02:21:00.000
65e207ae9cfa213c20949430,arrival,ltai,eggd,2023-07-10t23:52:00.000
65e207ae9cfa213c20949431,arrival,lclk,eggd,2023-07-10t23:33:00.000
65e207ae9cfa213c20949432,arrival,gmmx,eggd,2023-07-10t23:46:00.000
65e207ae9cfa213c20949433,arrival,ltai,eggd,2023-07-10t23:57:00.000
65e207ae9cfa213c20949434,arrival,ltbs,eggd,2023-07-11t00:26:00.000
65e207ae9cfa213c20949435,arrival,lmml,eggd,2023-07-11t00:16:00.000
65e207ae9cfa213c20949436,arrival,egff,eggd,2023-07-11t01:21:00.000
65e207ae9cfa213c20949437,arrival,lbbg,eggd,2023-07-11t01:06:00.000
65e207ae9cfa213c20949438,arrival,lgmk,eggd,2023-07-11t00:58:00.000
65e207ae9cfa213c20949439,arrival,leib,eggd,2023-07-11t01:58:00.000
65e207ae9cfa213c2094943a,arrival,leal,eggd,2023-07-11t02:24:00.000
65e207ae9cfa213c2094943b,arrival,gclp,eggd,2023-07-11t02:14:00.000
65e207ae9cfa213c2094943c,arrival,hegn,eggd,2023-07-11t03:07:00.000
65e207ae9cfa213c2094943d,arrival,ltbs,eggd,2023-07-11t02:47:00.000
65e207ae9cfa213c2094943e,arrival,gcts,eggd,2023-07-11t23:33:00.000
65e207ae9cfa213c2094943f,arrival,lppr,eggd,2023-07-11t23:53:00.000
65e207ae9cfa213c20949440,arrival,eidw,eggd,2023-07-11t23:45:00.000
65e207ae9cfa213c20949441,arrival,lgrp,eggd,2023-07-12t01:26:00.000
65e207ae9cfa213c20949442,arrival,gcts,eggd,2023-07-12t01:43:00.000
65e207ae9cfa213c20949443,arrival,hegn,eggd,2023-07-12t02:32:00.000
65e207ae9cfa213c20949444,arrival,ltai,eggd,2023-07-12t02:38:00.000
65e207ae9cfa213c20949445,arrival,gvac,eggd,2023-07-12t02:53:00.000
65e207ae9cfa213c20949446,arrival,egph,eggd,2023-07-12t23:30:00.000
65e207ae9cfa213c20949447,arrival,lemd,eggd,2023-07-12t23:49:00.000
65e207ae9cfa213c20949448,arrival,lpfr,eggd,2023-07-13t00:09:00.000
65e207ae9cfa213c20949449,arrival,lebl,eggd,2023-07-13t00:02:00.000
65e207ae9cfa213c2094944a,arrival,lemg,eggd,2023-07-12t23:43:00.000
65e207ae9cfa213c2094944b,arrival,dtnh,eggd,2023-07-13t01:41:00.000
65e207ae9cfa213c2094944c,arrival,leal,eggd,2023-07-13t01:56:00.000
65e207ae9cfa213c2094944d,arrival,lcph,eggd,2023-07-13t01:53:00.000
65e207ae9cfa213c2094944e,arrival,ltbs,eggd,2023-07-13t02:10:00.000
65e207ae9cfa213c2094944f,arrival,lgko,eggd,2023-07-13t02:39:00.000
65e207ae9cfa213c20949450,arrival,lgko,eggd,2023-07-14t00:02:00.000
65e207ae9cfa213c20949451,arrival,lipz,eggd,2023-07-14t00:04:00.000
65e207ae9cfa213c20949452,arrival,lgsk,eggd,2023-07-14t00:07:00.000
65e207ae9cfa213c20949453,arrival,leal,eggd,2023-07-13t23:52:00.000
65e207ae9cfa213c20949454,arrival,ltfe,eggd,2023-07-14t00:34:00.000
65e207ae9cfa213c20949455,arrival,lgir,eggd,2023-07-14t00:19:00.000
65e207ae9cfa213c20949456,arrival,lepa,eggd,2023-07-14t00:44:00.000
65e207ae9cfa213c20949457,arrival,gcrr,eggd,2023-07-14t00:36:00.000
65e207ae9cfa213c20949458,arrival,ltai,eggd,2023-07-14t01:39:00.000
65e207ae9cfa213c20949459,arrival,gclp,eggd,2023-07-14t01:34:00.000
65e207ae9cfa213c2094945a,arrival,ltfe,eggd,2023-07-14t02:29:00.000
65e207ae9cfa213c2094945b,arrival,ltai,eggd,2023-07-14t02:59:00.000
65e207ae9cfa213c2094945c,arrival,lclk,eggd,2023-07-14t03:55:00.000
65e207ae9cfa213c2094945d,arrival,lgrp,eggd,2023-07-14t23:44:00.000
65e207ae9cfa213c2094945e,arrival,lirn,eggd,2023-07-14t23:50:00.000
65e207ae9cfa213c2094945f,arrival,lebl,eggd,2023-07-14t23:36:00.000
65e207ae9cfa213c20949460,arrival,lemd,eggd,2023-07-14t23:41:00.000
65e207ae9cfa213c20949461,arrival,lemg,eggd,2023-07-15t00:13:00.000
65e207ae9cfa213c20949462,arrival,lgkr,eggd,2023-07-15t01:45:00.000
65e207ae9cfa213c20949463,arrival,ltbs,eggd,2023-07-15t02:08:00.000
65e207ae9cfa213c20949464,arrival,ltbs,eggd,2023-07-15t02:58:00.000
65e207ae9cfa213c20949465,arrival,hegn,eggd,2023-07-15t04:18:00.000
65e207ae9cfa213c20949466,arrival,ltai,eggd,2023-07-15t23:33:00.000
65e207ae9cfa213c20949467,arrival,ltbs,eggd,2023-07-16t00:07:00.000
65e207ae9cfa213c20949468,arrival,lcph,eggd,2023-07-15t23:47:00.000
65e207ae9cfa213c20949469,arrival,gcfv,eggd,2023-07-15t23:41:00.000
65e207ae9cfa213c2094946a,arrival,lgkf,eggd,2023-07-16t01:06:00.000
65e207ae9cfa213c2094946b,arrival,lpfr,eggd,2023-07-16t00:37:00.000
65e207ae9cfa213c2094946c,arrival,gclp,eggd,2023-07-16t01:19:00.000
65e207ae9cfa213c2094946d,arrival,hesh,eggd,2023-07-16t01:35:00.000
65e207ae9cfa213c2094946e,arrival,leal,eggd,2023-07-16t01:40:00.000
65e207ae9cfa213c2094946f,arrival,ltbs,eggd,2023-07-16t02:40:00.000
65e207ae9cfa213c20949470,arrival,lkpr,eggd,2023-07-16t23:37:00.000
65e207ae9cfa213c20949471,arrival,lemd,eggd,2023-07-16t23:39:00.000
65e207ae9cfa213c20949472,arrival,ltfe,eggd,2023-07-17t00:01:00.000
65e207ae9cfa213c20949473,arrival,lgkf,eggd,2023-07-16t23:48:00.000
65e207ae9cfa213c20949474,arrival,lebl,eggd,2023-07-16t23:51:00.000
65e207ae9cfa213c20949475,arrival,leal,eggd,2023-07-16t23:53:00.000
65e207ae9cfa213c20949476,arrival,egpf,eggd,2023-07-16t23:33:00.000
65e207ae9cfa213c20949477,arrival,leib,eggd,2023-07-17t01:08:00.000
65e207ae9cfa213c20949478,arrival,lpfr,eggd,2023-07-17t01:12:00.000
65e207ae9cfa213c20949479,arrival,gcts,eggd,2023-07-17t00:27:00.000
65e207ae9cfa213c2094947a,arrival,ltai,eggd,2023-07-17t01:34:00.000
65e207ae9cfa213c2094947b,arrival,ltai,eggd,2023-07-17t02:16:00.000
65e207ae9cfa213c2094947c,arrival,lgav,eggd,2023-07-17t02:00:00.000
65e207ae9cfa213c2094947d,arrival,leal,eggd,2023-07-17t02:07:00.000
65e207ae9cfa213c2094947e,arrival,ltbs,eggd,2023-07-17t02:20:00.000
65e207ae9cfa213c2094947f,arrival,hesh,eggd,2023-07-17t02:10:00.000
65e207ae9cfa213c20949480,arrival,lclk,eggd,2023-07-17t04:12:00.000
65e207ae9cfa213c20949481,arrival,lfrs,eggd,2023-07-17t23:46:00.000
65e207ae9cfa213c20949482,arrival,ltai,eggd,2023-07-17t23:49:00.000
65e207ae9cfa213c20949483,arrival,lclk,eggd,2023-07-17t23:32:00.000
65e207ae9cfa213c20949484,arrival,gmmx,eggd,2023-07-17t23:35:00.000
65e207ae9cfa213c20949485,arrival,ltai,eggd,2023-07-17t23:42:00.000
65e207ae9cfa213c20949486,arrival,ltbs,eggd,2023-07-18t00:17:00.000
65e207ae9cfa213c20949487,arrival,dtnh,eggd,2023-07-18t00:22:00.000
65e207ae9cfa213c20949488,arrival,lepa,eggd,2023-07-18t00:33:00.000
65e207ae9cfa213c20949489,arrival,lpfr,eggd,2023-07-18t00:30:00.000
65e207ae9cfa213c2094948a,arrival,lbbg,eggd,2023-07-18t01:03:00.000
65e207ae9cfa213c2094948b,arrival,lgmk,eggd,2023-07-18t01:10:00.000
65e207ae9cfa213c2094948c,arrival,leib,eggd,2023-07-18t01:30:00.000
65e207ae9cfa213c2094948d,arrival,lgkr,eggd,2023-07-18t02:06:00.000
65e207ae9cfa213c2094948e,arrival,gclp,eggd,2023-07-18t01:51:00.000
65e207ae9cfa213c2094948f,arrival,hegn,eggd,2023-07-18t03:00:00.000
65e207ae9cfa213c20949490,arrival,ltbs,eggd,2023-07-18t02:47:00.000
65e207ae9cfa213c20949491,arrival,gcts,eggd,2023-07-18t23:40:00.000
65e207ae9cfa213c20949492,arrival,lppr,eggd,2023-07-18t23:56:00.000
65e207ae9cfa213c20949493,arrival,lebl,eggd,2023-07-19t00:06:00.000
65e207ae9cfa213c20949494,arrival,eidw,eggd,2023-07-18t23:33:00.000
65e207ae9cfa213c20949495,arrival,lepa,eggd,2023-07-18t23:47:00.000
65e207ae9cfa213c20949496,arrival,lfmn,eggd,2023-07-19t00:21:00.000
65e207ae9cfa213c20949497,arrival,lpfr,eggd,2023-07-19t00:52:00.000
65e207ae9cfa213c20949498,arrival,lpfr,eggd,2023-07-19t01:11:00.000
65e207ae9cfa213c20949499,arrival,lgrp,eggd,2023-07-19t01:42:00.000
65e207ae9cfa213c2094949a,arrival,gcts,eggd,2023-07-19t01:19:00.000
65e207ae9cfa213c2094949b,arrival,lgsa,eggd,2023-07-19t01:39:00.000
65e207ae9cfa213c2094949c,arrival,ltbs,eggd,2023-07-19t02:09:00.000
65e207ae9cfa213c2094949d,arrival,hegn,eggd,2023-07-19t01:58:00.000
65e207ae9cfa213c2094949e,arrival,ltai,eggd,2023-07-19t02:27:00.000
65e207ae9cfa213c2094949f,arrival,ltbs,eggd,2023-07-19t02:12:00.000
65e207ae9cfa213c209494a0,arrival,gvac,eggd,2023-07-19t02:53:00.000
65e207ae9cfa213c209494a1,arrival,lemd,eggd,2023-07-19t23:55:00.000
65e207ae9cfa213c209494a2,arrival,egpf,eggd,2023-07-19t23:30:00.000
65e207ae9cfa213c209494a3,arrival,lebl,eggd,2023-07-19t23:45:00.000
65e207ae9cfa213c209494a4,arrival,lemg,eggd,2023-07-19t23:52:00.000
65e207ae9cfa213c209494a5,arrival,lgkf,eggd,2023-07-20t01:04:00.000
65e207ae9cfa213c209494a6,arrival,lpfr,eggd,2023-07-20t00:55:00.000
65e207ae9cfa213c209494a7,arrival,lclk,eggd,2023-07-20t00:58:00.000
65e207ae9cfa213c209494a8,arrival,ltai,eggd,2023-07-20t01:37:00.000
65e207ae9cfa213c209494a9,arrival,lcph,eggd,2023-07-20t01:18:00.000
65e207ae9cfa213c209494aa,arrival,hesh,eggd,2023-07-20t01:11:00.000
65e207ae9cfa213c209494ab,arrival,gclp,eggd,2023-07-20t01:39:00.000
65e207ae9cfa213c209494ac,arrival,lgav,eggd,2023-07-20t02:00:00.000
65e207ae9cfa213c209494ad,arrival,ltai,eggd,2023-07-20t02:42:00.000
65e207ae9cfa213c209494ae,arrival,lgko,eggd,2023-07-20t02:45:00.000
65e207ae9cfa213c209494af,arrival,lppr,eggd,2023-07-20t23:33:00.000
65e207ae9cfa213c209494b0,arrival,lfbh,eggd,2023-07-20t23:31:00.000
65e207ae9cfa213c209494b1,arrival,lipz,eggd,2023-07-20t23:50:00.000
65e207ae9cfa213c209494b2,arrival,gcrr,eggd,2023-07-20t23:44:00.000
65e207ae9cfa213c209494b3,arrival,lgsk,eggd,2023-07-20t23:41:00.000
65e207ae9cfa213c209494b4,arrival,lebl,eggd,2023-07-20t23:47:00.000
65e207ae9cfa213c209494b5,arrival,ltbs,eggd,2023-07-20t23:37:00.000
65e207ae9cfa213c209494b6,arrival,lepa,eggd,2023-07-21t00:49:00.000
65e207ae9cfa213c209494b7,arrival,lpfr,eggd,2023-07-21t00:56:00.000
65e207ae9cfa213c209494b8,arrival,leal,eggd,2023-07-21t01:37:00.000
65e207ae9cfa213c209494b9,arrival,gclp,eggd,2023-07-21t01:29:00.000
65e207ae9cfa213c209494ba,arrival,ltfe,eggd,2023-07-21t02:33:00.000
65e207ae9cfa213c209494bb,arrival,ltai,eggd,2023-07-21t02:45:00.000
65e207ae9cfa213c209494bc,arrival,egaa,eggd,2023-07-21t23:35:00.000
65e207ae9cfa213c209494bd,arrival,leal,eggd,2023-07-21t23:32:00.000
65e207ae9cfa213c209494be,arrival,lgrp,eggd,2023-07-22t00:12:00.000
65e207ae9cfa213c209494bf,arrival,lebl,eggd,2023-07-21t23:41:00.000
65e207ae9cfa213c209494c0,arrival,lddu,eggd,2023-07-21t23:58:00.000
65e207ae9cfa213c209494c1,arrival,lemg,eggd,2023-07-21t23:47:00.000
65e207ae9cfa213c209494c2,arrival,gcts,eggd,2023-07-21t23:55:00.000
65e207ae9cfa213c209494c3,arrival,lege,eggd,2023-07-22t00:44:00.000
65e207ae9cfa213c209494c4,arrival,lgrp,eggd,2023-07-22t01:19:00.000
65e207ae9cfa213c209494c5,arrival,lgkr,eggd,2023-07-22t01:04:00.000
65e207ae9cfa213c209494c6,arrival,lgmk,eggd,2023-07-22t00:55:00.000
65e207ae9cfa213c209494c7,arrival,lpfr,eggd,2023-07-22t00:41:00.000
65e207ae9cfa213c209494c8,arrival,leal,eggd,2023-07-22t01:13:00.000
65e207ae9cfa213c209494c9,arrival,ltbs,eggd,2023-07-22t02:11:00.000
65e207ae9cfa213c209494ca,arrival,ltbs,eggd,2023-07-22t02:56:00.000
65e207ae9cfa213c209494cb,arrival,hegn,eggd,2023-07-22t03:31:00.000
65e207ae9cfa213c209494cc,arrival,ltbs,eggd,2023-07-22t23:41:00.000
65e207ae9cfa213c209494cd,arrival,lege,eggd,2023-07-23t00:08:00.000
65e207ae9cfa213c209494ce,arrival,lcph,eggd,2023-07-23t00:12:00.000
65e207ae9cfa213c209494cf,arrival,lirn,eggd,2023-07-22t23:36:00.000
65e207ae9cfa213c209494d0,arrival,gcfv,eggd,2023-07-23t00:05:00.000
65e207ae9cfa213c209494d1,arrival,leal,eggd,2023-07-22t23:44:00.000
65e207ae9cfa213c209494d2,arrival,lgkf,eggd,2023-07-23t01:21:00.000
65e207ae9cfa213c209494d3,arrival,lpfr,eggd,2023-07-23t00:18:00.000
65e207ae9cfa213c209494d4,arrival,gclp,eggd,2023-07-23t02:01:00.000
65e207ae9cfa213c209494d5,arrival,hesh,eggd,2023-07-23t01:18:00.000
65e207ae9cfa213c209494d6,arrival,leal,eggd,2023-07-23t01:34:00.000
65e207ae9cfa213c209494d7,arrival,lgrp,eggd,2023-07-23t02:12:00.000
65e207ae9cfa213c209494d8,arrival,ltbs,eggd,2023-07-23t02:09:00.000
65e207ae9cfa213c209494d9,arrival,lgsa,eggd,2023-07-23t04:00:00.000
65e207ae9cfa213c209494da,arrival,egnt,eggd,2023-07-23t23:34:00.000
65e207ae9cfa213c209494db,arrival,lgkf,eggd,2023-07-23t23:56:00.000
65e207ae9cfa213c209494dc,arrival,gcrr,eggd,2023-07-23t23:53:00.000
65e207ae9cfa213c209494dd,arrival,lebl,eggd,2023-07-23t23:31:00.000
65e207ae9cfa213c209494de,arrival,lirf,eggd,2023-07-24t00:05:00.000
65e207ae9cfa213c209494df,arrival,egpf,eggd,2023-07-24t00:27:00.000
65e207ae9cfa213c209494e0,arrival,leib,eggd,2023-07-24t01:04:00.000
65e207ae9cfa213c209494e1,arrival,lcph,eggd,2023-07-24t00:39:00.000
65e207ae9cfa213c209494e2,arrival,lpfr,eggd,2023-07-24t01:20:00.000
65e207ae9cfa213c209494e3,arrival,gcts,eggd,2023-07-24t00:48:00.000
65e207ae9cfa213c209494e4,arrival,ltai,eggd,2023-07-24t02:27:00.000
65e207ae9cfa213c209494e5,arrival,lgav,eggd,2023-07-24t01:58:00.000
65e207ae9cfa213c209494e6,arrival,leal,eggd,2023-07-24t01:46:00.000
65e207ae9cfa213c209494e7,arrival,ltbs,eggd,2023-07-24t01:36:00.000
65e207ae9cfa213c209494e8,arrival,hesh,eggd,2023-07-24t02:08:00.000
65e207ae9cfa213c209494e9,arrival,lclk,eggd,2023-07-24t04:08:00.000
65e207ae9cfa213c209494ea,arrival,gclp,eggd,2023-07-24t23:47:00.000
65e207ae9cfa213c209494eb,arrival,egpf,eggd,2023-07-24t23:38:00.000
65e207ae9cfa213c209494ec,arrival,ltai,eggd,2023-07-24t23:44:00.000
65e207ae9cfa213c209494ed,arrival,lclk,eggd,2023-07-24t23:59:00.000
65e207ae9cfa213c209494ee,arrival,lebl,eggd,2023-07-24t23:40:00.000
65e207ae9cfa213c209494ef,arrival,dtnh,eggd,2023-07-25t00:22:00.000
65e207ae9cfa213c209494f0,arrival,lbbg,eggd,2023-07-25t01:17:00.000
65e207ae9cfa213c209494f1,arrival,gclp,eggd,2023-07-25t02:33:00.000
65e207ae9cfa213c209494f2,arrival,hegn,eggd,2023-07-25t02:51:00.000
65e207ae9cfa213c209494f3,arrival,ltbs,eggd,2023-07-25t03:10:00.000
65e207ae9cfa213c209494f4,arrival,lgir,eggd,2023-07-25t23:35:00.000
65e207ae9cfa213c209494f5,arrival,lirp,eggd,2023-07-25t23:31:00.000
65e207ae9cfa213c209494f6,arrival,evra,eggd,2023-07-26t00:01:00.000
65e207ae9cfa213c209494f7,arrival,egpf,eggd,2023-07-25t23:43:00.000
65e207ae9cfa213c209494f8,arrival,lebl,eggd,2023-07-25t23:46:00.000
65e207ae9cfa213c209494f9,arrival,eidw,eggd,2023-07-25t23:50:00.000
65e207ae9cfa213c209494fa,arrival,lepa,eggd,2023-07-25t23:57:00.000
65e207ae9cfa213c209494fb,arrival,lfmn,eggd,2023-07-25t23:54:00.000
65e207ae9cfa213c209494fc,arrival,lpfr,eggd,2023-07-26t01:01:00.000
65e207ae9cfa213c209494fd,arrival,lpfr,eggd,2023-07-26t01:11:00.000
65e207ae9cfa213c209494fe,arrival,leal,eggd,2023-07-26t01:53:00.000
65e207ae9cfa213c209494ff,arrival,gcts,eggd,2023-07-26t01:39:00.000
65e207ae9cfa213c20949500,arrival,ltbs,eggd,2023-07-26t02:26:00.000
65e207ae9cfa213c20949501,arrival,hegn,eggd,2023-07-26t02:58:00.000
65e207ae9cfa213c20949502,arrival,ltai,eggd,2023-07-26t02:41:00.000
65e207ae9cfa213c20949503,arrival,ltbs,eggd,2023-07-26t02:45:00.000
65e207ae9cfa213c20949504,arrival,gvac,eggd,2023-07-26t02:34:00.000
65e207ae9cfa213c20949505,arrival,lemg,eggd,2023-07-26t23:49:00.000
65e207ae9cfa213c20949506,arrival,lgkf,eggd,2023-07-27t01:22:00.000
65e207ae9cfa213c20949507,arrival,lpfr,eggd,2023-07-27t00:59:00.000
65e207ae9cfa213c20949508,arrival,hesh,eggd,2023-07-27t01:50:00.000
65e207ae9cfa213c20949509,arrival,gclp,eggd,2023-07-27t01:20:00.000
65e207ae9cfa213c2094950a,arrival,lgav,eggd,2023-07-27t02:07:00.000
65e207ae9cfa213c2094950b,arrival,ltai,eggd,2023-07-27t02:27:00.000
65e207ae9cfa213c2094950c,arrival,lipz,eggd,2023-07-27t23:54:00.000
65e207ae9cfa213c2094950d,arrival,lgsk,eggd,2023-07-27t23:59:00.000
65e207ae9cfa213c2094950e,arrival,egpf,eggd,2023-07-27t23:31:00.000
65e207ae9cfa213c2094950f,arrival,lebl,eggd,2023-07-28t00:15:00.000
65e207ae9cfa213c20949510,arrival,ltbs,eggd,2023-07-27t23:42:00.000
65e207ae9cfa213c20949511,arrival,ltfe,eggd,2023-07-28t00:03:00.000
65e207ae9cfa213c20949512,arrival,lgir,eggd,2023-07-28t00:10:00.000
65e207ae9cfa213c20949513,arrival,lepa,eggd,2023-07-28t00:48:00.000
65e207ae9cfa213c20949514,arrival,gcrr,eggd,2023-07-28t00:20:00.000
65e207ae9cfa213c20949515,arrival,lpfr,eggd,2023-07-28t01:12:00.000
65e207ae9cfa213c20949516,arrival,ltai,eggd,2023-07-28t01:17:00.000
65e207ae9cfa213c20949517,arrival,gclp,eggd,2023-07-28t01:27:00.000
65e207ae9cfa213c20949518,arrival,ltfe,eggd,2023-07-28t02:35:00.000
65e207ae9cfa213c20949519,arrival,ltai,eggd,2023-07-28t02:45:00.000
65e207ae9cfa213c2094951a,arrival,lclk,eggd,2023-07-28t03:28:00.000
65e207ae9cfa213c2094951b,arrival,leal,eggd,2023-07-28t23:35:00.000
65e207ae9cfa213c2094951c,arrival,lclk,eggd,2023-07-28t23:49:00.000
65e207ae9cfa213c2094951d,arrival,lgrp,eggd,2023-07-29t00:10:00.000
65e207ae9cfa213c2094951e,arrival,lirn,eggd,2023-07-29t00:04:00.000
65e207ae9cfa213c2094951f,arrival,lddu,eggd,2023-07-28t23:42:00.000
65e207ae9cfa213c20949520,arrival,ltbs,eggd,2023-07-29t00:24:00.000
65e207ae9cfa213c20949521,arrival,lemg,eggd,2023-07-28t23:52:00.000
65e207ae9cfa213c20949522,arrival,lege,eggd,2023-07-29t01:00:00.000
65e207ae9cfa213c20949523,arrival,lgmk,eggd,2023-07-29t01:09:00.000
65e207ae9cfa213c20949524,arrival,ltbs,eggd,2023-07-29t03:27:00.000
65e207ae9cfa213c20949525,arrival,hegn,eggd,2023-07-29t03:39:00.000
65e207ae9cfa213c20949526,arrival,ltbs,eggd,2023-07-29t23:47:00.000
65e207ae9cfa213c20949527,arrival,gclp,eggd,2023-07-29t23:32:00.000
65e207ae9cfa213c20949528,arrival,lgrp,eggd,2023-07-29t23:35:00.000
65e207ae9cfa213c20949529,arrival,lege,eggd,2023-07-30t00:11:00.000
65e207ae9cfa213c2094952a,arrival,lcph,eggd,2023-07-29t23:57:00.000
65e207ae9cfa213c2094952b,arrival,lirn,eggd,2023-07-29t23:44:00.000
65e207ae9cfa213c2094952c,arrival,gcfv,eggd,2023-07-29t23:53:00.000
65e207ae9cfa213c2094952d,arrival,leal,eggd,2023-07-30t00:02:00.000
65e207ae9cfa213c2094952e,arrival,leib,eggd,2023-07-30t00:47:00.000
65e207ae9cfa213c2094952f,arrival,lgkf,eggd,2023-07-30t00:26:00.000
65e207ae9cfa213c20949530,arrival,lpfr,eggd,2023-07-30t01:13:00.000
65e207ae9cfa213c20949531,arrival,lcph,eggd,2023-07-30t01:33:00.000
65e207ae9cfa213c20949532,arrival,gclp,eggd,2023-07-30t00:58:00.000
65e207ae9cfa213c20949533,arrival,hesh,eggd,2023-07-30t01:52:00.000
65e207ae9cfa213c20949534,arrival,lgrp,eggd,2023-07-30t01:48:00.000
65e207ae9cfa213c20949535,arrival,lgsa,eggd,2023-07-30t04:14:00.000
65e207ae9cfa213c20949536,arrival,egnt,eggd,2023-07-30t23:30:00.000
65e207ae9cfa213c20949537,arrival,lfpg,eggd,2023-07-30t23:37:00.000
65e207ae9cfa213c20949538,arrival,ltbs,eggd,2023-07-30t23:33:00.000
65e207ae9cfa213c20949539,arrival,lgko,eggd,2023-07-30t23:39:00.000
65e207ae9cfa213c2094953a,arrival,ltfe,eggd,2023-07-30t23:53:00.000
65e207ae9cfa213c2094953b,arrival,lgkf,eggd,2023-07-30t23:45:00.000
65e207ae9cfa213c2094953c,arrival,lirf,eggd,2023-07-31t00:14:00.000
65e207ae9cfa213c2094953d,arrival,leib,eggd,2023-07-31t00:39:00.000
65e207ae9cfa213c2094953e,arrival,gcrr,eggd,2023-07-31t00:49:00.000
65e207ae9cfa213c2094953f,arrival,lcph,eggd,2023-07-31t00:53:00.000
65e207ae9cfa213c20949540,arrival,ltai,eggd,2023-07-31t01:48:00.000
65e207ae9cfa213c20949541,arrival,ltai,eggd,2023-07-31t01:53:00.000
65e207ae9cfa213c20949542,arrival,lgav,eggd,2023-07-31t02:15:00.000
65e207ae9cfa213c20949543,arrival,leal,eggd,2023-07-31t02:31:00.000
65e207ae9cfa213c20949544,arrival,hesh,eggd,2023-07-31t02:11:00.000
65e207ae9cfa213c20949545,arrival,lclk,eggd,2023-07-31t04:21:00.000
65e207ae9cfa213c20949546,arrival,egpf,eggd,2023-07-31t23:33:00.000
65e207ae9cfa213c20949547,arrival,lclk,eggd,2023-07-31t23:30:00.000
65e207ae9cfa213c20949548,arrival,gmmx,eggd,2023-07-31t23:43:00.000
65e207ae9cfa213c20949549,arrival,lebl,eggd,2023-07-31t23:40:00.000
65e207ae9cfa213c2094954a,arrival,ltai,eggd,2023-07-31t23:36:00.000
65e207ae9cfa213c2094954b,arrival,ltbs,eggd,2023-08-01t00:15:00.000
65e207ae9cfa213c2094954c,arrival,dtnh,eggd,2023-08-01t00:04:00.000
65e207ae9cfa213c2094954d,arrival,lgsa,eggd,2023-08-01t01:56:00.000
65e207ae9cfa213c2094954e,arrival,lgmk,eggd,2023-08-01t01:39:00.000
65e207ae9cfa213c2094954f,arrival,lgkr,eggd,2023-08-01t01:30:00.000
65e207ae9cfa213c20949550,arrival,leal,eggd,2023-08-01t02:09:00.000
65e207ae9cfa213c20949551,arrival,gclp,eggd,2023-08-01t02:26:00.000
65e207ae9cfa213c20949552,arrival,hegn,eggd,2023-08-01t02:40:00.000
65e207ae9cfa213c20949553,arrival,ltbs,eggd,2023-08-01t02:59:00.000
65e207ae9cfa213c20949554,arrival,evra,eggd,2023-08-01t23:36:00.000
65e207ae9cfa213c20949555,arrival,lppr,eggd,2023-08-02t00:03:00.000
65e207ae9cfa213c20949556,arrival,eidw,eggd,2023-08-02t00:18:00.000
65e207ae9cfa213c20949557,arrival,lepa,eggd,2023-08-01t23:40:00.000
65e207ae9cfa213c20949558,arrival,lfmn,eggd,2023-08-02t00:06:00.000
65e207ae9cfa213c20949559,arrival,lpfr,eggd,2023-08-02t00:24:00.000
65e207ae9cfa213c2094955a,arrival,lpfr,eggd,2023-08-02t00:22:00.000
65e207ae9cfa213c2094955b,arrival,gcts,eggd,2023-08-02t01:42:00.000
65e207ae9cfa213c2094955c,arrival,lgsa,eggd,2023-08-02t01:54:00.000
65e207ae9cfa213c2094955d,arrival,ltbs,eggd,2023-08-02t02:09:00.000
65e207ae9cfa213c2094955e,arrival,ltai,eggd,2023-08-02t02:30:00.000
65e207ae9cfa213c2094955f,arrival,ltai,eggd,2023-08-02t02:57:00.000
65e207ae9cfa213c20949560,arrival,ltbs,eggd,2023-08-02t02:38:00.000
65e207ae9cfa213c20949561,arrival,gvac,eggd,2023-08-02t02:18:00.000
65e207ae9cfa213c20949562,arrival,hegn,eggd,2023-08-02t02:13:00.000
65e207ae9cfa213c20949563,arrival,lemd,eggd,2023-08-02t23:40:00.000
65e207ae9cfa213c20949564,arrival,eddk,eggd,2023-08-02t23:43:00.000
65e207ae9cfa213c20949565,arrival,lpfr,eggd,2023-08-02t23:56:00.000
65e207ae9cfa213c20949566,arrival,lemg,eggd,2023-08-03t00:03:00.000
65e207ae9cfa213c20949567,arrival,lgkf,eggd,2023-08-03t00:30:00.000
65e207ae9cfa213c20949568,arrival,lgir,eggd,2023-08-03t00:33:00.000
65e207ae9cfa213c20949569,arrival,lclk,eggd,2023-08-03t00:55:00.000
65e207ae9cfa213c2094956a,arrival,ltai,eggd,2023-08-03t01:21:00.000
65e207ae9cfa213c2094956b,arrival,lcph,eggd,2023-08-03t01:09:00.000
65e207ae9cfa213c2094956c,arrival,hesh,eggd,2023-08-03t01:11:00.000
65e207ae9cfa213c2094956d,arrival,gclp,eggd,2023-08-03t01:57:00.000
65e207ae9cfa213c2094956e,arrival,ltbs,eggd,2023-08-03t01:59:00.000
65e207ae9cfa213c2094956f,arrival,lgav,eggd,2023-08-03t02:07:00.000
65e207ae9cfa213c20949570,arrival,ltai,eggd,2023-08-03t02:22:00.000
65e207ae9cfa213c20949571,arrival,lgko,eggd,2023-08-03t02:25:00.000
65e207ae9cfa213c20949572,arrival,lgsk,eggd,2023-08-03t23:48:00.000
65e207ae9cfa213c20949573,arrival,egpf,eggd,2023-08-03t23:30:00.000
65e207ae9cfa213c20949574,arrival,ltbs,eggd,2023-08-03t23:35:00.000
65e207ae9cfa213c20949575,arrival,ltfe,eggd,2023-08-04t00:21:00.000
65e207ae9cfa213c20949576,arrival,lgir,eggd,2023-08-03t23:57:00.000
65e207ae9cfa213c20949577,arrival,lepa,eggd,2023-08-04t00:45:00.000
65e207ae9cfa213c20949578,arrival,gcrr,eggd,2023-08-04t00:30:00.000
65e207ae9cfa213c20949579,arrival,lpfr,eggd,2023-08-04t01:39:00.000
65e207ae9cfa213c2094957a,arrival,leal,eggd,2023-08-04t01:11:00.000
65e207ae9cfa213c2094957b,arrival,ltai,eggd,2023-08-04t01:04:00.000
65e207ae9cfa213c2094957c,arrival,gclp,eggd,2023-08-04t01:34:00.000
65e207ae9cfa213c2094957d,arrival,ltfe,eggd,2023-08-04t01:59:00.000
65e207ae9cfa213c2094957e,arrival,ltai,eggd,2023-08-04t02:23:00.000
65e207ae9cfa213c2094957f,arrival,lclk,eggd,2023-08-04t03:35:00.000
65e207ae9cfa213c20949580,arrival,ltai,eggd,2023-08-04t23:37:00.000
65e207ae9cfa213c20949581,arrival,lclk,eggd,2023-08-05t00:06:00.000
65e207ae9cfa213c20949582,arrival,lgrp,eggd,2023-08-04t23:40:00.000
65e207ae9cfa213c20949583,arrival,lirn,eggd,2023-08-04t23:52:00.000
65e207ae9cfa213c20949584,arrival,lebl,eggd,2023-08-04t23:35:00.000
65e207ae9cfa213c20949585,arrival,lddu,eggd,2023-08-04t23:43:00.000
65e207ae9cfa213c20949586,arrival,lemg,eggd,2023-08-05t00:08:00.000
65e207ae9cfa213c20949587,arrival,gcts,eggd,2023-08-05t00:01:00.000
65e207ae9cfa213c20949588,arrival,lege,eggd,2023-08-05t00:28:00.000
65e207ae9cfa213c20949589,arrival,lgrp,eggd,2023-08-05t01:11:00.000
65e207ae9cfa213c2094958a,arrival,lgkr,eggd,2023-08-05t01:30:00.000
65e207ae9cfa213c2094958b,arrival,lgmk,eggd,2023-08-05t00:54:00.000
65e207ae9cfa213c2094958c,arrival,lpfr,eggd,2023-08-05t01:23:00.000
65e207ae9cfa213c2094958d,arrival,leal,eggd,2023-08-05t01:21:00.000
65e207ae9cfa213c2094958e,arrival,ltbs,eggd,2023-08-05t02:50:00.000
65e207ae9cfa213c2094958f,arrival,hegn,eggd,2023-08-05t03:14:00.000
65e207ae9cfa213c20949590,arrival,gcfv,eggd,2023-08-05t23:36:00.000
65e207ae9cfa213c20949591,arrival,lppr,eggd,2023-08-05t23:30:00.000
65e207ae9cfa213c20949592,arrival,gclp,eggd,2023-08-05t23:57:00.000
65e207ae9cfa213c20949593,arrival,lgrp,eggd,2023-08-05t23:38:00.000
65e207ae9cfa213c20949594,arrival,lege,eggd,2023-08-05t23:44:00.000
65e207ae9cfa213c20949595,arrival,lcph,eggd,2023-08-05t23:48:00.000
65e207ae9cfa213c20949596,arrival,lirn,eggd,2023-08-06t00:03:00.000
65e207ae9cfa213c20949597,arrival,gcfv,eggd,2023-08-06t00:32:00.000
65e207ae9cfa213c20949598,arrival,leal,eggd,2023-08-05t23:51:00.000
65e207ae9cfa213c20949599,arrival,lgrp,eggd,2023-08-06t01:14:00.000
65e207ae9cfa213c2094959a,arrival,lpfr,eggd,2023-08-06t00:30:00.000
65e207ae9cfa213c2094959b,arrival,lcph,eggd,2023-08-06t01:29:00.000
65e207ae9cfa213c2094959c,departure,lgkr,eggd,2023-07-14t05:53:00.000
65e207ae9cfa213c2094959d,departure,eikn,eggd,2023-07-30t05:59:00.000
65e207ae9cfa213c2094959e,departure,egpf,eggd,2023-07-31t02:17:00.000
65e207ae9cfa213c2094959f,departure,gcts,eggd,2023-08-01t05:59:00.000
65e207ae9cfa213c209495a0,departure,eidw,eggd,2023-08-03t05:59:00.000
65e207ae9cfa213c209495a1,departure,lgkr,eggd,2023-08-04t05:58:00.000
65e207ae9cfa213c209495a2,arrival,gclp,eggd,2023-08-06t00:58:00.000
65e207ae9cfa213c209495a3,arrival,leal,eggd,2023-08-06t01:57:00.000
65e207ae9cfa213c209495a4,arrival,lgrp,eggd,2023-08-06t01:59:00.000
65e207ae9cfa213c209495a5,arrival,ltbs,eggd,2023-08-06t02:45:00.000
65e207ae9cfa213c209495a6,arrival,lgsa,eggd,2023-08-06t04:21:00.000
65e207ae9cfa213c209495a7,arrival,lgko,eggd,2023-08-06t23:53:00.000
65e207ae9cfa213c209495a8,arrival,gcrr,eggd,2023-08-06t23:43:00.000
65e207ae9cfa213c209495a9,arrival,lebl,eggd,2023-08-06t23:33:00.000
65e207ae9cfa213c209495aa,arrival,egpf,eggd,2023-08-06t23:30:00.000
65e207ae9cfa213c209495ab,arrival,gcrr,eggd,2023-08-07t00:54:00.000
65e207ae9cfa213c209495ac,arrival,lcph,eggd,2023-08-07t00:27:00.000
65e207ae9cfa213c209495ad,arrival,lpfr,eggd,2023-08-07t00:58:00.000
65e207ae9cfa213c209495ae,arrival,gcts,eggd,2023-08-07t01:25:00.000
65e207ae9cfa213c209495af,arrival,ltai,eggd,2023-08-07t01:46:00.000
65e207ae9cfa213c209495b0,arrival,ltai,eggd,2023-08-07t01:43:00.000
65e207ae9cfa213c209495b1,arrival,leal,eggd,2023-08-07t01:51:00.000
65e207ae9cfa213c209495b2,arrival,ltbs,eggd,2023-08-07t02:23:00.000
65e207ae9cfa213c209495b3,arrival,hesh,eggd,2023-08-07t02:17:00.000
65e207ae9cfa213c209495b4,arrival,lclk,eggd,2023-08-07t04:01:00.000
65e207ae9cfa213c209495b5,arrival,lgir,eggd,2023-08-07t23:40:00.000
65e207ae9cfa213c209495b6,arrival,egpf,eggd,2023-08-07t23:43:00.000
65e207ae9cfa213c209495b7,arrival,ltai,eggd,2023-08-07t23:50:00.000
65e207ae9cfa213c209495b8,arrival,gmmx,eggd,2023-08-07t23:37:00.000
65e207ae9cfa213c209495b9,arrival,lebl,eggd,2023-08-07t23:54:00.000
65e207ae9cfa213c209495ba,arrival,ltai,eggd,2023-08-07t23:35:00.000
65e207ae9cfa213c209495bb,arrival,ltbs,eggd,2023-08-07t23:58:00.000
65e207ae9cfa213c209495bc,arrival,dtnh,eggd,2023-08-08t00:04:00.000
65e207ae9cfa213c209495bd,arrival,lepa,eggd,2023-08-08t01:04:00.000
65e207ae9cfa213c209495be,arrival,lpfr,eggd,2023-08-08t00:39:00.000
65e207ae9cfa213c209495bf,arrival,lbbg,eggd,2023-08-08t01:21:00.000
65e207ae9cfa213c209495c0,arrival,lgmk,eggd,2023-08-08t01:15:00.000
65e207ae9cfa213c209495c1,arrival,leib,eggd,2023-08-08t01:18:00.000
65e207ae9cfa213c209495c2,arrival,lgkr,eggd,2023-08-08t01:42:00.000
65e207ae9cfa213c209495c3,arrival,gclp,eggd,2023-08-08t02:09:00.000
65e207ae9cfa213c209495c4,arrival,hegn,eggd,2023-08-08t02:21:00.000
65e207ae9cfa213c209495c5,arrival,ltbs,eggd,2023-08-08t02:58:00.000
65e207ae9cfa213c209495c6,arrival,evra,eggd,2023-08-08t23:32:00.000
65e207ae9cfa213c209495c7,arrival,lppr,eggd,2023-08-08t23:47:00.000
65e207ae9cfa213c209495c8,arrival,egpf,eggd,2023-08-09t00:08:00.000
65e207ae9cfa213c209495c9,arrival,lebl,eggd,2023-08-08t23:39:00.000
65e207ae9cfa213c209495ca,arrival,lepa,eggd,2023-08-08t23:43:00.000
65e207ae9cfa213c209495cb,arrival,lemd,eggd,2023-08-09t00:39:00.000
65e207ae9cfa213c209495cc,arrival,lfmn,eggd,2023-08-09t00:16:00.000
65e207ae9cfa213c209495cd,arrival,lpfr,eggd,2023-08-09t01:08:00.000
65e207ae9cfa213c209495ce,arrival,lpfr,eggd,2023-08-09t00:22:00.000
65e207ae9cfa213c209495cf,arrival,leal,eggd,2023-08-09t01:30:00.000
65e207ae9cfa213c209495d0,arrival,lgrp,eggd,2023-08-09t01:43:00.000
65e207ae9cfa213c209495d1,arrival,gcts,eggd,2023-08-09t01:22:00.000
65e207ae9cfa213c209495d2,arrival,lgsa,eggd,2023-08-09t01:50:00.000
65e207ae9cfa213c209495d3,arrival,ltbs,eggd,2023-08-09t02:15:00.000
65e207ae9cfa213c209495d4,arrival,hegn,eggd,2023-08-09t02:04:00.000
65e207ae9cfa213c209495d5,arrival,ltai,eggd,2023-08-09t02:37:00.000
65e207ae9cfa213c209495d6,arrival,ltai,eggd,2023-08-09t02:48:00.000
65e207ae9cfa213c209495d7,arrival,ltbs,eggd,2023-08-09t02:43:00.000
65e207ae9cfa213c209495d8,arrival,gvac,eggd,2023-08-09t02:31:00.000
65e207ae9cfa213c209495d9,arrival,lime,eggd,2023-08-09t23:53:00.000
65e207ae9cfa213c209495da,arrival,lebl,eggd,2023-08-09t23:32:00.000
65e207ae9cfa213c209495db,arrival,lemg,eggd,2023-08-09t23:56:00.000
65e207ae9cfa213c209495dc,arrival,lgkf,eggd,2023-08-10t00:38:00.000
65e207ae9cfa213c209495dd,arrival,lgir,eggd,2023-08-10t00:59:00.000
65e207ae9cfa213c209495de,arrival,lpfr,eggd,2023-08-10t01:16:00.000
65e207ae9cfa213c209495df,arrival,lclk,eggd,2023-08-10t01:02:00.000
65e207ae9cfa213c209495e0,arrival,ltai,eggd,2023-08-10t00:56:00.000
65e207ae9cfa213c209495e1,arrival,lcph,eggd,2023-08-10t01:35:00.000
65e207ae9cfa213c209495e2,arrival,hesh,eggd,2023-08-10t01:13:00.000
65e207ae9cfa213c209495e3,arrival,gclp,eggd,2023-08-10t01:59:00.000
65e207ae9cfa213c209495e4,arrival,ltbs,eggd,2023-08-10t02:18:00.000
65e207ae9cfa213c209495e5,arrival,lgav,eggd,2023-08-10t02:15:00.000
65e207ae9cfa213c209495e6,arrival,ltai,eggd,2023-08-10t02:11:00.000
65e207ae9cfa213c209495e7,arrival,lgko,eggd,2023-08-10t02:21:00.000
65e207ae9cfa213c209495e8,arrival,lfbh,eggd,2023-08-10t23:36:00.000
65e207ae9cfa213c209495e9,arrival,lipz,eggd,2023-08-11t00:03:00.000
65e207ae9cfa213c209495ea,arrival,lgsk,eggd,2023-08-10t23:43:00.000
65e207ae9cfa213c209495eb,arrival,ltbs,eggd,2023-08-10t23:40:00.000
65e207ae9cfa213c209495ec,arrival,ltfe,eggd,2023-08-11t00:06:00.000
65e207ae9cfa213c209495ed,arrival,lgir,eggd,2023-08-11t00:12:00.000
65e207ae9cfa213c209495ee,arrival,lepa,eggd,2023-08-11t00:43:00.000
65e207ae9cfa213c209495ef,arrival,lpfr,eggd,2023-08-11t00:59:00.000
65e207ae9cfa213c209495f0,arrival,ltai,eggd,2023-08-11t01:07:00.000
65e207ae9cfa213c209495f1,arrival,gclp,eggd,2023-08-11t01:41:00.000
65e207ae9cfa213c209495f2,arrival,ltfe,eggd,2023-08-11t02:14:00.000
65e207ae9cfa213c209495f3,arrival,ltai,eggd,2023-08-11t02:54:00.000
65e207ae9cfa213c209495f4,arrival,egpf,eggd,2023-08-11t23:31:00.000
65e207ae9cfa213c209495f5,arrival,ltai,eggd,2023-08-12t00:03:00.000
65e207ae9cfa213c209495f6,arrival,lirn,eggd,2023-08-11t23:39:00.000
65e207ae9cfa213c209495f7,arrival,lemd,eggd,2023-08-11t23:50:00.000
65e207ae9cfa213c209495f8,arrival,lddu,eggd,2023-08-11t23:37:00.000
65e207ae9cfa213c209495f9,arrival,ltbs,eggd,2023-08-11t23:59:00.000
65e207ae9cfa213c209495fa,arrival,gcts,eggd,2023-08-12t00:41:00.000
65e207ae9cfa213c209495fb,arrival,lege,eggd,2023-08-12t01:03:00.000
65e207ae9cfa213c209495fc,arrival,lgrp,eggd,2023-08-12t01:30:00.000
65e207ae9cfa213c209495fd,arrival,lgkr,eggd,2023-08-12t00:58:00.000
65e207ae9cfa213c209495fe,arrival,lgmk,eggd,2023-08-12t00:25:00.000
65e207ae9cfa213c209495ff,arrival,lpfr,eggd,2023-08-12t01:06:00.000
65e207ae9cfa213c20949600,arrival,ltbs,eggd,2023-08-12t02:10:00.000
65e207ae9cfa213c20949601,arrival,ltbs,eggd,2023-08-12t02:58:00.000
65e207ae9cfa213c20949602,arrival,hegn,eggd,2023-08-12t03:31:00.000
65e207ae9cfa213c20949603,arrival,gcfv,eggd,2023-08-12t23:35:00.000
65e207ae9cfa213c20949604,arrival,lppr,eggd,2023-08-12t23:38:00.000
65e207ae9cfa213c20949605,arrival,gclp,eggd,2023-08-12t23:32:00.000
65e207ae9cfa213c20949606,arrival,lepa,eggd,2023-08-12t23:41:00.000
65e207ae9cfa213c20949607,arrival,lege,eggd,2023-08-12t23:52:00.000
65e207ae9cfa213c20949608,arrival,lirn,eggd,2023-08-13t00:11:00.000
65e207ae9cfa213c20949609,arrival,gcfv,eggd,2023-08-12t23:50:00.000
65e207ae9cfa213c2094960a,arrival,leal,eggd,2023-08-12t23:45:00.000
65e207ae9cfa213c2094960b,arrival,leib,eggd,2023-08-13t00:14:00.000
65e207ae9cfa213c2094960c,arrival,lpfr,eggd,2023-08-13t01:22:00.000
65e207ae9cfa213c2094960d,arrival,lcph,eggd,2023-08-13t01:07:00.000
65e207ae9cfa213c2094960e,arrival,gclp,eggd,2023-08-13t01:45:00.000
65e207ae9cfa213c2094960f,arrival,lgrp,eggd,2023-08-13t01:31:00.000
65e207ae9cfa213c20949610,arrival,ltbs,eggd,2023-08-13t02:12:00.000
65e207ae9cfa213c20949611,arrival,lgsa,eggd,2023-08-13t03:39:00.000
65e207ae9cfa213c20949612,arrival,lgko,eggd,2023-08-13t23:44:00.000
65e207ae9cfa213c20949613,arrival,ltfe,eggd,2023-08-13t23:59:00.000
65e207ae9cfa213c20949614,arrival,lebl,eggd,2023-08-13t23:41:00.000
65e207ae9cfa213c20949615,arrival,leal,eggd,2023-08-13t23:38:00.000
65e207ae9cfa213c20949616,arrival,lirf,eggd,2023-08-13t23:54:00.000
65e207ae9cfa213c20949617,arrival,egpf,eggd,2023-08-14t00:29:00.000
65e207ae9cfa213c20949618,arrival,leib,eggd,2023-08-14t00:34:00.000
65e207ae9cfa213c20949619,arrival,gcrr,eggd,2023-08-14t00:25:00.000
65e207ae9cfa213c2094961a,arrival,lcph,eggd,2023-08-14t00:42:00.000
65e207ae9cfa213c2094961b,arrival,lpfr,eggd,2023-08-14t01:01:00.000
65e207ae9cfa213c2094961c,arrival,gcts,eggd,2023-08-14t01:09:00.000
65e207ae9cfa213c2094961d,arrival,ltai,eggd,2023-08-14t01:17:00.000
65e207ae9cfa213c2094961e,arrival,ltai,eggd,2023-08-14t01:52:00.000
65e207ae9cfa213c2094961f,arrival,lgav,eggd,2023-08-14t01:36:00.000
65e207ae9cfa213c20949620,arrival,leal,eggd,2023-08-14t02:38:00.000
65e207ae9cfa213c20949621,arrival,ltbs,eggd,2023-08-14t02:08:00.000
65e207ae9cfa213c20949622,arrival,hesh,eggd,2023-08-14t02:14:00.000
65e207ae9cfa213c20949623,arrival,lclk,eggd,2023-08-14t03:31:00.000
65e207ae9cfa213c20949624,arrival,egaa,eggd,2023-08-14t23:44:00.000
65e207ae9cfa213c20949625,arrival,lfrs,eggd,2023-08-14t23:47:00.000
65e207ae9cfa213c20949626,arrival,gclp,eggd,2023-08-14t23:32:00.000
65e207ae9cfa213c20949627,arrival,ltai,eggd,2023-08-14t23:30:00.000
65e207ae9cfa213c20949628,arrival,gmmx,eggd,2023-08-14t23:37:00.000
65e207ae9cfa213c20949629,arrival,lebl,eggd,2023-08-14t23:34:00.000
65e207ae9cfa213c2094962a,arrival,dtnh,eggd,2023-08-15t00:02:00.000
65e207ae9cfa213c2094962b,arrival,lgsa,eggd,2023-08-15t01:22:00.000
65e207ae9cfa213c2094962c,arrival,lgmk,eggd,2023-08-15t01:01:00.000
65e207ae9cfa213c2094962d,arrival,leib,eggd,2023-08-15t02:00:00.000
65e207ae9cfa213c2094962e,arrival,lgkr,eggd,2023-08-15t01:07:00.000
65e207ae9cfa213c2094962f,arrival,gclp,eggd,2023-08-15t02:17:00.000
65e207ae9cfa213c20949630,arrival,hegn,eggd,2023-08-15t02:40:00.000
65e207ae9cfa213c20949631,arrival,ltbs,eggd,2023-08-15t02:44:00.000
65e207ae9cfa213c20949632,arrival,evra,eggd,2023-08-15t23:59:00.000
65e207ae9cfa213c20949633,arrival,gcts,eggd,2023-08-15t23:33:00.000
65e207ae9cfa213c20949634,arrival,lppr,eggd,2023-08-15t23:36:00.000
65e207ae9cfa213c20949635,arrival,eidw,eggd,2023-08-16t00:06:00.000
65e207ae9cfa213c20949636,arrival,lemd,eggd,2023-08-15t23:57:00.000
65e207ae9cfa213c20949637,arrival,lfmn,eggd,2023-08-16t00:58:00.000
65e207ae9cfa213c20949638,arrival,lpfr,eggd,2023-08-16t01:00:00.000
65e207ae9cfa213c20949639,arrival,lpfr,eggd,2023-08-16t00:34:00.000
65e207ae9cfa213c2094963a,arrival,leal,eggd,2023-08-16t01:33:00.000
65e207ae9cfa213c2094963b,arrival,gcts,eggd,2023-08-16t01:18:00.000
65e207ae9cfa213c2094963c,arrival,ltbs,eggd,2023-08-16t02:22:00.000
65e207ae9cfa213c2094963d,arrival,hegn,eggd,2023-08-16t01:57:00.000
65e207ae9cfa213c2094963e,arrival,ltai,eggd,2023-08-16t02:19:00.000
65e207ae9cfa213c2094963f,arrival,ltai,eggd,2023-08-16t02:44:00.000
65e207ae9cfa213c20949640,arrival,ltbs,eggd,2023-08-16t02:00:00.000
65e207ae9cfa213c20949641,arrival,gvac,eggd,2023-08-16t02:56:00.000
65e207ae9cfa213c20949642,arrival,eham,eggd,2023-08-16t23:33:00.000
65e207ae9cfa213c20949643,arrival,eham,eggd,2023-08-16t23:33:00.000
65e207ae9cfa213c20949644,arrival,eham,eggd,2023-08-16t23:33:00.000
65e207ae9cfa213c20949645,arrival,lemg,eggd,2023-08-16t23:57:00.000
65e207ae9cfa213c20949646,arrival,lgkf,eggd,2023-08-17t01:04:00.000
65e207ae9cfa213c20949647,arrival,lclk,eggd,2023-08-17t00:38:00.000
65e207ae9cfa213c20949648,arrival,leal,eggd,2023-08-17t02:02:00.000
65e207ae9cfa213c20949649,arrival,ltai,eggd,2023-08-17t01:29:00.000
65e207ae9cfa213c2094964a,arrival,lcph,eggd,2023-08-17t01:01:00.000
65e207ae9cfa213c2094964b,arrival,hesh,eggd,2023-08-17t01:27:00.000
65e207ae9cfa213c2094964c,arrival,gclp,eggd,2023-08-17t01:35:00.000
65e207ae9cfa213c2094964d,arrival,ltbs,eggd,2023-08-17t02:10:00.000
65e207ae9cfa213c2094964e,arrival,lgko,eggd,2023-08-17t02:39:00.000
65e207ae9cfa213c2094964f,arrival,egnt,eggd,2023-08-17t23:36:00.000
65e207ae9cfa213c20949650,arrival,lfbh,eggd,2023-08-17t23:33:00.000
65e207ae9cfa213c20949651,arrival,lipz,eggd,2023-08-18t00:00:00.000
65e207ae9cfa213c20949652,arrival,lgsk,eggd,2023-08-18t00:05:00.000
65e207ae9cfa213c20949653,arrival,lebl,eggd,2023-08-18t00:11:00.000
65e207ae9cfa213c20949654,arrival,ltbs,eggd,2023-08-18t00:08:00.000
65e207ae9cfa213c20949655,arrival,ltfe,eggd,2023-08-18t00:34:00.000
65e207ae9cfa213c20949656,arrival,lgir,eggd,2023-08-18t00:21:00.000
65e207ae9cfa213c20949657,arrival,lpfr,eggd,2023-08-18t01:22:00.000
65e207ae9cfa213c20949658,arrival,ltai,eggd,2023-08-18t01:20:00.000
65e207ae9cfa213c20949659,arrival,ltfe,eggd,2023-08-18t02:18:00.000
65e207ae9cfa213c2094965a,arrival,lclk,eggd,2023-08-18t03:14:00.000
65e207ae9cfa213c2094965b,arrival,egaa,eggd,2023-08-18t23:35:00.000
65e207ae9cfa213c2094965c,arrival,lclk,eggd,2023-08-18t23:39:00.000
65e207ae9cfa213c2094965d,arrival,lebl,eggd,2023-08-19t00:03:00.000
65e207ae9cfa213c2094965e,arrival,lemd,eggd,2023-08-18t23:46:00.000
65e207ae9cfa213c2094965f,arrival,lddu,eggd,2023-08-18t23:31:00.000
65e207ae9cfa213c20949660,arrival,lemg,eggd,2023-08-18t23:48:00.000
65e207ae9cfa213c20949661,arrival,gcts,eggd,2023-08-19t00:10:00.000
65e207ae9cfa213c20949662,arrival,lege,eggd,2023-08-19t01:20:00.000
65e207ae9cfa213c20949663,arrival,lgkr,eggd,2023-08-19t01:16:00.000
65e207ae9cfa213c20949664,arrival,lgmk,eggd,2023-08-19t01:29:00.000
65e207ae9cfa213c20949665,arrival,ltbs,eggd,2023-08-19t02:33:00.000
65e207ae9cfa213c20949666,arrival,ltbs,eggd,2023-08-19t02:52:00.000
65e207ae9cfa213c20949667,arrival,lemh,eggd,2023-08-19t23:33:00.000
65e207ae9cfa213c20949668,arrival,ltbs,eggd,2023-08-20t00:05:00.000
65e207ae9cfa213c20949669,arrival,gclp,eggd,2023-08-19t23:36:00.000
65e207ae9cfa213c2094966a,arrival,lgrp,eggd,2023-08-19t23:58:00.000
65e207ae9cfa213c2094966b,arrival,lepa,eggd,2023-08-19t23:52:00.000
65e207ae9cfa213c2094966c,arrival,ltbs,eggd,2023-08-19t23:39:00.000
65e207ae9cfa213c2094966d,arrival,lege,eggd,2023-08-19t23:54:00.000
65e207ae9cfa213c2094966e,arrival,lcph,eggd,2023-08-20t00:01:00.000
65e207ae9cfa213c2094966f,arrival,lirn,eggd,2023-08-20t00:16:00.000
65e207ae9cfa213c20949670,arrival,gcfv,eggd,2023-08-19t23:45:00.000
65e207ae9cfa213c20949671,arrival,lime,eggd,2023-08-20t00:30:00.000
65e207ae9cfa213c20949672,arrival,leib,eggd,2023-08-20t00:40:00.000
65e207ae9cfa213c20949673,arrival,lgkf,eggd,2023-08-20t01:04:00.000
65e207ae9cfa213c20949674,arrival,lgrp,eggd,2023-08-20t01:15:00.000
65e207ae9cfa213c20949675,arrival,lpfr,eggd,2023-08-20t00:33:00.000
65e207ae9cfa213c20949676,arrival,gclp,eggd,2023-08-20t01:00:00.000
65e207ae9cfa213c20949677,arrival,hesh,eggd,2023-08-20t01:24:00.000
65e207ae9cfa213c20949678,arrival,leal,eggd,2023-08-20t01:19:00.000
65e207ae9cfa213c20949679,arrival,lgrp,eggd,2023-08-20t01:58:00.000
65e207ae9cfa213c2094967a,arrival,ltbs,eggd,2023-08-20t02:21:00.000
65e207ae9cfa213c2094967b,arrival,lgsa,eggd,2023-08-20t04:03:00.000
65e207ae9cfa213c2094967c,arrival,egnt,eggd,2023-08-20t23:44:00.000
65e207ae9cfa213c2094967d,arrival,gcrr,eggd,2023-08-20t23:39:00.000
65e207ae9cfa213c2094967e,arrival,leal,eggd,2023-08-20t23:55:00.000
65e207ae9cfa213c2094967f,arrival,lirf,eggd,2023-08-21t00:27:00.000
65e207ae9cfa213c20949680,arrival,leib,eggd,2023-08-21t00:13:00.000
65e207ae9cfa213c20949681,arrival,lcph,eggd,2023-08-21t00:43:00.000
65e207ae9cfa213c20949682,arrival,lpfr,eggd,2023-08-21t00:58:00.000
65e207ae9cfa213c20949683,arrival,gcts,eggd,2023-08-21t00:30:00.000
65e207ae9cfa213c20949684,arrival,ltai,eggd,2023-08-21t01:22:00.000
65e207ae9cfa213c20949685,arrival,ltai,eggd,2023-08-21t01:46:00.000
65e207ae9cfa213c20949686,arrival,lgav,eggd,2023-08-21t01:28:00.000
65e207ae9cfa213c20949687,arrival,leal,eggd,2023-08-21t01:39:00.000
65e207ae9cfa213c20949688,arrival,hesh,eggd,2023-08-21t01:50:00.000
65e207ae9cfa213c20949689,arrival,lclk,eggd,2023-08-21t04:04:00.000
65e207ae9cfa213c2094968a,arrival,lclk,eggd,2023-08-21t23:59:00.000
65e207ae9cfa213c2094968b,arrival,lebl,eggd,2023-08-21t23:41:00.000
65e207ae9cfa213c2094968c,arrival,ltbs,eggd,2023-08-22t00:02:00.000
65e207ae9cfa213c2094968d,arrival,dtnh,eggd,2023-08-21t23:57:00.000
65e207ae9cfa213c2094968e,arrival,lepa,eggd,2023-08-22t00:59:00.000
65e207ae9cfa213c2094968f,arrival,lpfr,eggd,2023-08-22t01:03:00.000
65e207ae9cfa213c20949690,arrival,lbbg,eggd,2023-08-22t01:18:00.000
65e207ae9cfa213c20949691,arrival,lgsa,eggd,2023-08-22t01:10:00.000
65e207ae9cfa213c20949692,arrival,lgmk,eggd,2023-08-22t00:36:00.000
65e207ae9cfa213c20949693,arrival,leib,eggd,2023-08-22t01:50:00.000
65e207ae9cfa213c20949694,arrival,lgkr,eggd,2023-08-22t01:13:00.000
65e207ae9cfa213c20949695,arrival,gclp,eggd,2023-08-22t02:55:00.000
65e207ae9cfa213c20949696,arrival,hegn,eggd,2023-08-22t02:19:00.000
65e207af9cfa213c20949697,arrival,ltbs,eggd,2023-08-22t02:27:00.000
65e207af9cfa213c20949698,arrival,eidw,eggd,2023-08-23t00:07:00.000
65e207af9cfa213c20949699,arrival,lppr,eggd,2023-08-22t23:32:00.000
65e207af9cfa213c2094969a,arrival,lepa,eggd,2023-08-22t23:34:00.000
65e207af9cfa213c2094969b,arrival,lfmn,eggd,2023-08-23t00:03:00.000
65e207af9cfa213c2094969c,arrival,lpfr,eggd,2023-08-23t00:51:00.000
65e207af9cfa213c2094969d,arrival,lpfr,eggd,2023-08-23t00:36:00.000
65e207af9cfa213c2094969e,arrival,leal,eggd,2023-08-23t01:46:00.000
65e207af9cfa213c2094969f,arrival,lgrp,eggd,2023-08-23t01:39:00.000
65e207af9cfa213c209496a0,arrival,gcts,eggd,2023-08-23t01:50:00.000
65e207af9cfa213c209496a1,arrival,lgsa,eggd,2023-08-23t01:34:00.000
65e207af9cfa213c209496a2,arrival,ltbs,eggd,2023-08-23t01:32:00.000
65e207af9cfa213c209496a3,arrival,hegn,eggd,2023-08-23t01:43:00.000
65e207af9cfa213c209496a4,arrival,ltai,eggd,2023-08-23t02:27:00.000
65e207af9cfa213c209496a5,arrival,ltai,eggd,2023-08-23t02:38:00.000
65e207af9cfa213c209496a6,arrival,ltbs,eggd,2023-08-23t02:10:00.000
65e207af9cfa213c209496a7,arrival,gvac,eggd,2023-08-23t02:19:00.000
65e207af9cfa213c209496a8,arrival,egpf,eggd,2023-08-23t23:45:00.000
65e207af9cfa213c209496a9,arrival,eddk,eggd,2023-08-24t00:01:00.000
65e207af9cfa213c209496aa,arrival,gcfv,eggd,2023-08-23t23:32:00.000
65e207af9cfa213c209496ab,arrival,lebl,eggd,2023-08-23t23:36:00.000
65e207af9cfa213c209496ac,arrival,lemg,eggd,2023-08-23t23:40:00.000
65e207af9cfa213c209496ad,arrival,lgkf,eggd,2023-08-24t00:31:00.000
65e207af9cfa213c209496ae,arrival,lgir,eggd,2023-08-24t01:16:00.000
65e207af9cfa213c209496af,arrival,lpfr,eggd,2023-08-24t01:06:00.000
65e207af9cfa213c209496b0,arrival,lclk,eggd,2023-08-24t00:36:00.000
65e207af9cfa213c209496b1,arrival,leal,eggd,2023-08-24t01:29:00.000
65e207af9cfa213c209496b2,arrival,ltai,eggd,2023-08-24t01:21:00.000
65e207af9cfa213c209496b3,arrival,lcph,eggd,2023-08-24t01:39:00.000
65e207af9cfa213c209496b4,arrival,hesh,eggd,2023-08-24t01:32:00.000
65e207af9cfa213c209496b5,arrival,gclp,eggd,2023-08-24t01:26:00.000
65e207af9cfa213c209496b6,arrival,ltbs,eggd,2023-08-24t01:35:00.000
65e207af9cfa213c209496b7,arrival,lgav,eggd,2023-08-24t01:46:00.000
65e207af9cfa213c209496b8,arrival,ltai,eggd,2023-08-24t02:38:00.000
65e207af9cfa213c209496b9,arrival,lgko,eggd,2023-08-24t02:16:00.000
65e207af9cfa213c209496ba,arrival,eham,eggd,2023-08-24t23:43:00.000
65e207af9cfa213c209496bb,arrival,eham,eggd,2023-08-24t23:43:00.000
65e207af9cfa213c209496bc,arrival,eham,eggd,2023-08-24t23:43:00.000
65e207af9cfa213c209496bd,arrival,ltai,eggd,2023-08-24t23:36:00.000
65e207af9cfa213c209496be,arrival,ltbs,eggd,2023-08-25t00:06:00.000
65e207af9cfa213c209496bf,arrival,ltfe,eggd,2023-08-25t02:54:00.000
65e207af9cfa213c209496c0,arrival,lclk,eggd,2023-08-25t03:59:00.000
65e207af9cfa213c209496c1,arrival,lepa,eggd,2023-08-25t23:41:00.000
65e207af9cfa213c209496c2,arrival,lclk,eggd,2023-08-25t23:53:00.000
65e207af9cfa213c209496c3,arrival,lirn,eggd,2023-08-25t23:56:00.000
65e207af9cfa213c209496c4,arrival,lebl,eggd,2023-08-25t23:38:00.000
65e207af9cfa213c209496c5,arrival,lemd,eggd,2023-08-25t23:47:00.000
65e207af9cfa213c209496c6,arrival,lemg,eggd,2023-08-26t00:25:00.000
65e207af9cfa213c209496c7,arrival,egnj,eggd,2023-08-26t00:14:00.000
65e207af9cfa213c209496c8,arrival,lgmk,eggd,2023-08-26t01:13:00.000
65e207af9cfa213c209496c9,arrival,lpfr,eggd,2023-08-26t01:02:00.000
65e207af9cfa213c209496ca,arrival,ltbs,eggd,2023-08-26t03:37:00.000
65e207af9cfa213c209496cb,arrival,eham,eggd,2023-08-26t23:38:00.000
65e207af9cfa213c209496cc,arrival,eham,eggd,2023-08-26t23:38:00.000
65e207af9cfa213c209496cd,arrival,eham,eggd,2023-08-26t23:38:00.000
65e207af9cfa213c209496ce,arrival,eidw,eggd,2023-08-26t23:31:00.000
65e207af9cfa213c209496cf,arrival,lepa,eggd,2023-08-27t00:01:00.000
65e207af9cfa213c209496d0,arrival,lege,eggd,2023-08-26t23:34:00.000
65e207af9cfa213c209496d1,arrival,lcph,eggd,2023-08-26t23:46:00.000
65e207af9cfa213c209496d2,arrival,lirn,eggd,2023-08-27t00:18:00.000
65e207af9cfa213c209496d3,arrival,gcfv,eggd,2023-08-27t00:04:00.000
65e207af9cfa213c209496d4,arrival,leal,eggd,2023-08-27t00:09:00.000
65e207af9cfa213c209496d5,arrival,lgkf,eggd,2023-08-27t01:26:00.000
65e207af9cfa213c209496d6,arrival,lgrp,eggd,2023-08-27t01:05:00.000
65e207af9cfa213c209496d7,arrival,lpfr,eggd,2023-08-27t00:23:00.000
65e207af9cfa213c209496d8,arrival,lcph,eggd,2023-08-27t01:21:00.000
65e207af9cfa213c209496d9,arrival,gclp,eggd,2023-08-27t01:02:00.000
65e207af9cfa213c209496da,arrival,leal,eggd,2023-08-27t02:04:00.000
65e207af9cfa213c209496db,arrival,lgrp,eggd,2023-08-27t01:33:00.000
65e207af9cfa213c209496dc,arrival,ltbs,eggd,2023-08-27t02:16:00.000
65e207af9cfa213c209496dd,arrival,lgko,eggd,2023-08-27t23:52:00.000
65e207af9cfa213c209496de,arrival,lebl,eggd,2023-08-27t23:44:00.000
65e207af9cfa213c209496df,arrival,leal,eggd,2023-08-27t23:49:00.000
65e207af9cfa213c209496e0,arrival,egpf,eggd,2023-08-28t00:16:00.000
65e207af9cfa213c209496e1,arrival,gcrr,eggd,2023-08-28t01:15:00.000
65e207af9cfa213c209496e2,arrival,lpfr,eggd,2023-08-28t00:57:00.000
65e207af9cfa213c209496e3,arrival,gcts,eggd,2023-08-28t00:45:00.000
65e207af9cfa213c209496e4,arrival,ltai,eggd,2023-08-28t01:57:00.000
65e207af9cfa213c209496e5,arrival,ltai,eggd,2023-08-28t01:42:00.000
65e207af9cfa213c209496e6,arrival,ltbs,eggd,2023-08-28t01:54:00.000
65e207af9cfa213c209496e7,arrival,hesh,eggd,2023-08-28t02:11:00.000
65e207af9cfa213c209496e8,arrival,lclk,eggd,2023-08-28t04:27:00.000
65e207af9cfa213c209496e9,arrival,ltai,eggd,2023-08-28t23:41:00.000
65e207af9cfa213c209496ea,arrival,lclk,eggd,2023-08-29t00:16:00.000
65e207af9cfa213c209496eb,arrival,gmmx,eggd,2023-08-28t23:30:00.000
65e207af9cfa213c209496ec,arrival,ltai,eggd,2023-08-28t23:51:00.000
65e207af9cfa213c209496ed,arrival,lebl,eggd,2023-08-30t00:00:00.000
65e207af9cfa213c209496ee,arrival,lfmn,eggd,2023-08-30t00:35:00.000
65e207af9cfa213c209496ef,arrival,lpfr,eggd,2023-08-30t00:45:00.000
65e207af9cfa213c209496f0,arrival,egkk,eggd,2023-08-30t00:17:00.000
65e207af9cfa213c209496f1,arrival,leal,eggd,2023-08-30t01:48:00.000
65e207af9cfa213c209496f2,arrival,gcts,eggd,2023-08-30t01:31:00.000
65e207af9cfa213c209496f3,arrival,ltbs,eggd,2023-08-30t01:58:00.000
65e207af9cfa213c209496f4,arrival,ltai,eggd,2023-08-30t02:12:00.000
65e207af9cfa213c209496f5,arrival,ltbs,eggd,2023-08-30t02:15:00.000
65e207af9cfa213c209496f6,arrival,gvac,eggd,2023-08-30t02:52:00.000
65e207af9cfa213c209496f7,arrival,lemd,eggd,2023-08-30t23:56:00.000
65e207af9cfa213c209496f8,arrival,egpf,eggd,2023-08-30t23:53:00.000
65e207af9cfa213c209496f9,arrival,lebl,eggd,2023-08-31t00:06:00.000
65e207af9cfa213c209496fa,arrival,lemg,eggd,2023-08-30t23:59:00.000
65e207af9cfa213c209496fb,arrival,lpfr,eggd,2023-08-31t01:03:00.000
65e207af9cfa213c209496fc,arrival,lclk,eggd,2023-08-31t01:00:00.000
65e207af9cfa213c209496fd,arrival,gclp,eggd,2023-08-31t01:16:00.000
65e207af9cfa213c209496fe,arrival,lgav,eggd,2023-08-31t02:15:00.000
65e207af9cfa213c209496ff,arrival,ltai,eggd,2023-08-31t02:28:00.000
65e207af9cfa213c20949700,arrival,lgko,eggd,2023-08-31t02:22:00.000
65e207af9cfa213c20949701,arrival,gcrr,eggd,2023-08-31t23:58:00.000
65e207af9cfa213c20949702,arrival,ltbs,eggd,2023-08-31t23:46:00.000
65e207af9cfa213c20949703,departure,lgkr,eggd,2023-08-11t05:51:00.000
65e207af9cfa213c20949704,departure,lgkr,eggd,2023-08-18t05:57:00.000
65e207af9cfa213c20949705,departure,lgkr,eggd,2023-08-25t05:50:00.000
