flight_number,airline_name,flight_status,scheduled_departure,estimated_departure,actual_departure,departure_delay,time_category
x36148,tuifly,active,2023-05-01t06:00:00.000,2023-05-01t06:02:00.000,2023-05-01 06:12:00,12,Shoulder hour flights
u22709,easyjet,active,2023-05-01t06:00:00.000,2023-05-01t06:00:00.000,2023-05-01 06:32:00,33,Shoulder hour flights
u22715,easyjet,active,2023-05-01t06:00:00.000,2023-05-01t06:00:00.000,2023-05-01 06:08:00,9,Shoulder hour flights
u22845,easyjet,active,2023-05-01t06:00:00.000,2023-05-01t06:10:00.000,2023-05-01 06:20:00,20,Shoulder hour flights
u22891,easyjet,active,2023-05-01t06:05:00.000,2023-05-01t06:10:00.000,2023-05-01 06:26:00,21,Shoulder hour flights
x36120,tuifly,active,2023-05-01t06:10:00.000,2023-05-01t06:11:00.000,2023-05-01 06:39:00,29,Shoulder hour flights
u22805,easyjet,active,2023-05-01t06:10:00.000,2023-05-01t06:10:00.000,2023-05-01 06:24:00,14,Shoulder hour flights
u2223,easyjet,active,2023-05-01t06:15:00.000,2023-05-01t06:15:00.000,2023-05-01 06:22:00,7,Shoulder hour flights
af5199,air france,active,2023-05-01t06:20:00.000,2023-05-01t06:20:00.000,2023-05-01 06:41:00,21,Shoulder hour flights
az3737,alitalia,active,2023-05-01t06:20:00.000,2023-05-01t06:20:00.000,2023-05-01 06:41:00,21,Shoulder hour flights
dl9422,delta air lines,active,2023-05-01t06:20:00.000,2023-05-01t06:20:00.000,2023-05-01 06:41:00,21,Shoulder hour flights
ey7330,etihad airways,active,2023-05-01t06:20:00.000,2023-05-01t06:20:00.000,2023-05-01 06:41:00,21,Shoulder hour flights
g35535,gol,active,2023-05-01t06:20:00.000,2023-05-01t06:20:00.000,2023-05-01 06:41:00,21,Shoulder hour flights
kq1046,kenya airways,active,2023-05-01t06:20:00.000,2023-05-01t06:20:00.000,2023-05-01 06:41:00,21,Shoulder hour flights
vs6854,virgin atlantic,active,2023-05-01t06:20:00.000,2023-05-01t06:20:00.000,2023-05-01 06:41:00,21,Shoulder hour flights
kl1046,klm,active,2023-05-01t06:20:00.000,2023-05-01t06:20:00.000,2023-05-01 06:41:00,21,Shoulder hour flights
ls1805,jet2,active,2023-05-01t06:40:00.000,2023-05-01t06:55:00.000,2023-05-01 06:55:00,16,Shoulder hour flights
x36118,tuifly,active,2023-05-01t06:40:00.000,2023-05-01t06:40:00.000,2023-05-01 06:52:00,12,Shoulder hour flights
x36254,tuifly,active,2023-05-02t06:00:00.000,2023-05-02t06:00:00.000,2023-05-02 06:10:00,11,Shoulder hour flights
x36212,tuifly,active,2023-05-02t06:00:00.000,2023-05-02t06:00:00.000,2023-05-02 06:06:00,7,Shoulder hour flights
u22715,easyjet,active,2023-05-02t06:00:00.000,2023-05-02t06:11:00.000,2023-05-02 06:12:00,13,Shoulder hour flights
u22709,easyjet,active,2023-05-02t06:00:00.000,2023-05-02t06:10:00.000,2023-05-02 06:19:00,19,Shoulder hour flights
ls1891,jet2,active,2023-05-02t06:05:00.000,2023-05-02t06:15:00.000,2023-05-02 06:17:00,12,Shoulder hour flights
x36272,tuifly,active,2023-05-02t06:05:00.000,2023-05-02t06:25:00.000,2023-05-02 06:36:00,32,Shoulder hour flights
u22765,easyjet,active,2023-05-02t06:10:00.000,2023-05-02t06:15:00.000,2023-05-02 06:21:00,12,Shoulder hour flights
fr505,ryanair,active,2023-05-02t06:15:00.000,2023-05-02t06:30:00.000,2023-05-02 06:43:00,29,Shoulder hour flights
u22731,easyjet,active,2023-05-02t06:15:00.000,2023-05-02t06:15:00.000,2023-05-02 06:29:00,15,Shoulder hour flights
u22837,easyjet,active,2023-05-02t06:15:00.000,2023-05-02t06:26:00.000,2023-05-02 06:46:00,31,Shoulder hour flights
u22843,easyjet,active,2023-05-02t06:15:00.000,2023-05-02t06:25:00.000,2023-05-02 06:31:00,16,Shoulder hour flights
af5199,air france,active,2023-05-02t06:20:00.000,2023-05-02t06:30:00.000,2023-05-02 06:38:00,19,Shoulder hour flights
az3737,alitalia,active,2023-05-02t06:20:00.000,2023-05-02t06:30:00.000,2023-05-02 06:38:00,19,Shoulder hour flights
dl9422,delta air lines,active,2023-05-02t06:20:00.000,2023-05-02t06:30:00.000,2023-05-02 06:38:00,19,Shoulder hour flights
ey7330,etihad airways,active,2023-05-02t06:20:00.000,2023-05-02t06:30:00.000,2023-05-02 06:38:00,19,Shoulder hour flights
g35535,gol,active,2023-05-02t06:20:00.000,2023-05-02t06:30:00.000,2023-05-02 06:38:00,19,Shoulder hour flights
kq1046,kenya airways,active,2023-05-02t06:20:00.000,2023-05-02t06:30:00.000,2023-05-02 06:38:00,19,Shoulder hour flights
vs6854,virgin atlantic,active,2023-05-02t06:20:00.000,2023-05-02t06:30:00.000,2023-05-02 06:38:00,19,Shoulder hour flights
kl1046,klm,active,2023-05-02t06:20:00.000,2023-05-02t06:30:00.000,2023-05-02 06:38:00,19,Shoulder hour flights
ls1817,jet2,active,2023-05-02t06:30:00.000,2023-05-02t06:39:00.000,2023-05-02 06:41:00,11,Shoulder hour flights
u22939,easyjet,active,2023-05-02t06:35:00.000,2023-05-02t06:35:00.000,2023-05-02 06:50:00,16,Shoulder hour flights
ls1815,jet2,active,2023-05-03t06:00:00.000,2023-05-03t06:20:00.000,2023-05-03 06:34:00,35,Shoulder hour flights
u22709,easyjet,active,2023-05-03t06:00:00.000,2023-05-03t06:00:00.000,2023-05-03 06:14:00,14,Shoulder hour flights
u22715,easyjet,active,2023-05-03t06:00:00.000,2023-05-03t06:11:00.000,2023-05-03 06:30:00,31,Shoulder hour flights
u22815,easyjet,active,2023-05-03t06:00:00.000,2023-05-03t06:00:00.000,2023-05-03 06:09:00,10,Shoulder hour flights
u22731,easyjet,active,2023-05-03t06:05:00.000,2023-05-03t06:16:00.000,2023-05-03 06:25:00,20,Shoulder hour flights
u22893,easyjet,active,2023-05-03t06:10:00.000,2023-05-03t06:21:00.000,2023-05-03 06:22:00,13,Shoulder hour flights
x36348,tuifly,active,2023-05-03t06:15:00.000,2023-05-03t06:15:00.000,2023-05-03 06:32:00,18,Shoulder hour flights
af5199,air france,active,2023-05-03t06:20:00.000,2023-05-03t06:20:00.000,2023-05-03 06:20:00,1,Shoulder hour flights
az3737,alitalia,active,2023-05-03t06:20:00.000,2023-05-03t06:20:00.000,2023-05-03 06:20:00,1,Shoulder hour flights
dl9422,delta air lines,active,2023-05-03t06:20:00.000,2023-05-03t06:20:00.000,2023-05-03 06:20:00,1,Shoulder hour flights
ey7330,etihad airways,active,2023-05-03t06:20:00.000,2023-05-03t06:20:00.000,2023-05-03 06:20:00,1,Shoulder hour flights
g35535,gol,active,2023-05-03t06:20:00.000,2023-05-03t06:20:00.000,2023-05-03 06:20:00,1,Shoulder hour flights
kq1046,kenya airways,active,2023-05-03t06:20:00.000,2023-05-03t06:20:00.000,2023-05-03 06:20:00,1,Shoulder hour flights
vs6854,virgin atlantic,active,2023-05-03t06:20:00.000,2023-05-03t06:20:00.000,2023-05-03 06:20:00,1,Shoulder hour flights
kl1046,klm,active,2023-05-03t06:20:00.000,2023-05-03t06:20:00.000,2023-05-03 06:20:00,1,Shoulder hour flights
ls1817,jet2,active,2023-05-03t06:20:00.000,2023-05-03t06:23:00.000,2023-05-03 06:27:00,7,Shoulder hour flights
x36362,tuifly,active,2023-05-03t06:25:00.000,2023-05-03t06:25:00.000,2023-05-03 06:40:00,16,Shoulder hour flights
u22811,easyjet,active,2023-05-03t06:25:00.000,2023-05-03t06:25:00.000,2023-05-03 06:36:00,12,Shoulder hour flights
u22719,easyjet,active,2023-05-03t06:40:00.000,2023-05-03t06:40:00.000,2023-05-03 06:51:00,11,Shoulder hour flights
fr505,ryanair,active,2023-05-03t06:50:00.000,2023-05-03t06:50:00.000,2023-05-03 06:56:00,6,Shoulder hour flights
u2237,easyjet,active,2023-05-03t06:55:00.000,2023-05-03t06:55:00.000,2023-05-03 06:58:00,4,Shoulder hour flights
fr505,ryanair,active,2023-05-04t05:55:00.000,2023-05-04t05:55:00.000,2023-05-04 06:12:00,18,Shoulder hour flights
fr4121,ryanair,active,2023-05-04t05:55:00.000,2023-05-04t05:55:00.000,2023-05-04 06:06:00,12,Shoulder hour flights
x36406,tuifly,active,2023-05-04t06:00:00.000,2023-05-04t06:10:00.000,2023-05-04 06:30:00,31,Shoulder hour flights
x36482,tuifly,active,2023-05-04t06:00:00.000,2023-05-04t06:10:00.000,2023-05-04 06:10:00,11,Shoulder hour flights
u22709,easyjet,active,2023-05-04t06:00:00.000,2023-05-04t06:11:00.000,2023-05-04 06:19:00,20,Shoulder hour flights
u22891,easyjet,active,2023-05-04t06:00:00.000,2023-05-04t06:00:00.000,2023-05-04 06:16:00,16,Shoulder hour flights
u22731,easyjet,active,2023-05-04t06:05:00.000,2023-05-04t06:15:00.000,2023-05-04 06:28:00,24,Shoulder hour flights
u22843,easyjet,active,2023-05-04t06:10:00.000,2023-05-04t06:10:00.000,2023-05-04 06:22:00,12,Shoulder hour flights
ls1877,jet2,active,2023-05-04t06:15:00.000,2023-05-04t06:39:00.000,2023-05-04 06:38:00,23,Shoulder hour flights
u22702,easyjet,active,2023-05-04t06:15:00.000,2023-05-04t06:15:00.000,2023-05-04 06:25:00,11,Shoulder hour flights
u22837,easyjet,active,2023-05-04t06:15:00.000,2023-05-04t06:15:00.000,2023-05-04 06:36:00,21,Shoulder hour flights
ls1897,jet2,active,2023-05-04t06:25:00.000,2023-05-04t06:35:00.000,2023-05-04 06:52:00,28,Shoulder hour flights
ls1821,jet2,active,2023-05-04t06:25:00.000,2023-05-04t06:25:00.000,2023-05-04 06:43:00,19,Shoulder hour flights
u22939,easyjet,active,2023-05-04t06:35:00.000,2023-05-04t06:35:00.000,2023-05-04 06:45:00,11,Shoulder hour flights
fr505,ryanair,active,2023-05-05t05:55:00.000,2023-05-05t06:05:00.000,2023-05-05 06:16:00,21,Shoulder hour flights
ls1885,jet2,active,2023-05-05t05:55:00.000,2023-05-05t06:05:00.000,2023-05-05 06:11:00,16,Shoulder hour flights
u22709,easyjet,active,2023-05-05t06:00:00.000,2023-05-05t06:00:00.000,2023-05-05 06:08:00,9,Shoulder hour flights
u22715,easyjet,active,2023-05-05t06:00:00.000,2023-05-05t06:00:00.000,2023-05-05 06:18:00,19,Shoulder hour flights
u22845,easyjet,active,2023-05-05t06:00:00.000,2023-05-05t06:00:00.000,2023-05-05 06:13:00,14,Shoulder hour flights
u22731,easyjet,active,2023-05-05t06:05:00.000,2023-05-05t06:05:00.000,2023-05-05 06:25:00,21,Shoulder hour flights
u22805,easyjet,active,2023-05-05t06:10:00.000,2023-05-05t06:15:00.000,2023-05-05 06:28:00,19,Shoulder hour flights
ls1871,jet2,active,2023-05-05t06:15:00.000,2023-05-05t06:15:00.000,2023-05-05 06:22:00,7,Shoulder hour flights
af5199,air france,active,2023-05-05t06:20:00.000,2023-05-05t06:32:00.000,2023-05-05 06:31:00,11,Shoulder hour flights
az3737,alitalia,active,2023-05-05t06:20:00.000,2023-05-05t06:32:00.000,2023-05-05 06:31:00,11,Shoulder hour flights
dl9422,delta air lines,active,2023-05-05t06:20:00.000,2023-05-05t06:32:00.000,2023-05-05 06:31:00,11,Shoulder hour flights
ey7330,etihad airways,active,2023-05-05t06:20:00.000,2023-05-05t06:32:00.000,2023-05-05 06:31:00,11,Shoulder hour flights
g35535,gol,active,2023-05-05t06:20:00.000,2023-05-05t06:32:00.000,2023-05-05 06:31:00,11,Shoulder hour flights
kq1046,kenya airways,active,2023-05-05t06:20:00.000,2023-05-05t06:32:00.000,2023-05-05 06:31:00,11,Shoulder hour flights
vs6854,virgin atlantic,active,2023-05-05t06:20:00.000,2023-05-05t06:32:00.000,2023-05-05 06:31:00,11,Shoulder hour flights
kl1046,klm,active,2023-05-05t06:20:00.000,2023-05-05t06:32:00.000,2023-05-05 06:31:00,11,Shoulder hour flights
x36534,tuifly,active,2023-05-05t06:40:00.000,2023-05-05t06:40:00.000,2023-05-05 06:52:00,13,Shoulder hour flights
u22941,easyjet,active,2023-05-05t06:45:00.000,2023-05-05t06:45:00.000,2023-05-05 06:50:00,5,Shoulder hour flights
u22721,easyjet,active,2023-05-05t06:50:00.000,2023-05-05t06:50:00.000,2023-05-05 06:57:00,7,Shoulder hour flights
u22715,easyjet,active,2023-05-06t06:00:00.000,2023-05-06t06:00:00.000,2023-05-06 06:11:00,12,Shoulder hour flights
u22721,easyjet,active,2023-05-06t06:00:00.000,2023-05-06t06:00:00.000,2023-05-06 06:09:00,10,Shoulder hour flights
x36672,tuifly,active,2023-05-06t06:05:00.000,2023-05-06t06:05:00.000,2023-05-06 06:41:00,37,Shoulder hour flights
u22731,easyjet,active,2023-05-06t06:10:00.000,2023-05-06t06:10:00.000,2023-05-06 06:25:00,15,Shoulder hour flights
u22921,easyjet,active,2023-05-06t06:10:00.000,2023-05-06t06:10:00.000,2023-05-06 06:16:00,7,Shoulder hour flights
ls1821,jet2,active,2023-05-06t06:15:00.000,2023-05-06t06:15:00.000,2023-05-06 06:37:00,22,Shoulder hour flights
u22702,easyjet,active,2023-05-06t06:15:00.000,2023-05-06t06:15:00.000,2023-05-06 06:22:00,8,Shoulder hour flights
af5199,air france,active,2023-05-06t06:20:00.000,2023-05-06t06:20:00.000,2023-05-06 06:39:00,19,Shoulder hour flights
az3737,alitalia,active,2023-05-06t06:20:00.000,2023-05-06t06:20:00.000,2023-05-06 06:39:00,19,Shoulder hour flights
dl9422,delta air lines,active,2023-05-06t06:20:00.000,2023-05-06t06:20:00.000,2023-05-06 06:39:00,19,Shoulder hour flights
ey7330,etihad airways,active,2023-05-06t06:20:00.000,2023-05-06t06:20:00.000,2023-05-06 06:39:00,19,Shoulder hour flights
g35535,gol,active,2023-05-06t06:20:00.000,2023-05-06t06:20:00.000,2023-05-06 06:39:00,19,Shoulder hour flights
kq1046,kenya airways,active,2023-05-06t06:20:00.000,2023-05-06t06:20:00.000,2023-05-06 06:39:00,19,Shoulder hour flights
vs6854,virgin atlantic,active,2023-05-06t06:20:00.000,2023-05-06t06:20:00.000,2023-05-06 06:39:00,19,Shoulder hour flights
kl1046,klm,active,2023-05-06t06:20:00.000,2023-05-06t06:20:00.000,2023-05-06 06:39:00,19,Shoulder hour flights
x36680,tuifly,active,2023-05-06t06:20:00.000,2023-05-06t06:00:00.000,2023-05-06 06:00:00,0,Shoulder hour flights
u22733,easyjet,active,2023-05-06t06:20:00.000,2023-05-06t06:20:00.000,2023-05-06 06:44:00,24,Shoulder hour flights
fr505,ryanair,active,2023-05-06t06:25:00.000,2023-05-06t06:25:00.000,2023-05-06 06:48:00,23,Shoulder hour flights
u22877,easyjet,active,2023-05-06t06:25:00.000,2023-05-06t06:25:00.000,2023-05-06 06:32:00,7,Shoulder hour flights
ls1835,jet2,active,2023-05-06t06:30:00.000,2023-05-06t06:30:00.000,2023-05-06 06:46:00,16,Shoulder hour flights
u22883,easyjet,active,2023-05-06t06:30:00.000,2023-05-06t06:30:00.000,2023-05-06 06:52:00,22,Shoulder hour flights
x3696,tuifly,active,2023-05-06t06:15:00.000,2023-05-06t06:25:00.000,2023-05-06 06:29:00,14,Shoulder hour flights
fr8202,ryanair,active,2023-05-07t05:55:00.000,2023-05-07t05:55:00.000,2023-05-07 06:00:00,5,Shoulder hour flights
x36774,tuifly,active,2023-05-07t06:00:00.000,2023-05-07t06:00:00.000,2023-05-07 06:10:00,11,Shoulder hour flights
x36710,tuifly,active,2023-05-07t06:00:00.000,2023-05-07t06:00:00.000,2023-05-07 06:06:00,7,Shoulder hour flights
u22815,easyjet,active,2023-05-07t06:00:00.000,2023-05-07t06:11:00.000,2023-05-07 06:27:00,27,Shoulder hour flights
u22853,easyjet,active,2023-05-07t06:00:00.000,2023-05-07t06:07:00.000,2023-05-07 06:20:00,21,Shoulder hour flights
u22891,easyjet,active,2023-05-07t06:10:00.000,2023-05-07t06:20:00.000,2023-05-07 06:29:00,19,Shoulder hour flights
u22939,easyjet,active,2023-05-07t06:10:00.000,2023-05-07t06:10:00.000,2023-05-07 06:36:00,26,Shoulder hour flights
ls1815,jet2,active,2023-05-07t06:15:00.000,2023-05-07t06:34:00.000,2023-05-07 06:40:00,26,Shoulder hour flights
ls1871,jet2,active,2023-05-07t06:15:00.000,2023-05-07t06:15:00.000,2023-05-07 06:31:00,17,Shoulder hour flights
u22702,easyjet,active,2023-05-07t06:15:00.000,2023-05-07t06:15:00.000,2023-05-07 06:33:00,19,Shoulder hour flights
u22715,easyjet,active,2023-05-07t06:15:00.000,2023-05-07t06:15:00.000,2023-05-07 06:22:00,8,Shoulder hour flights
u22731,easyjet,active,2023-05-07t06:15:00.000,2023-05-07t06:28:00.000,2023-05-07 06:42:00,28,Shoulder hour flights
af5199,air france,active,2023-05-07t06:20:00.000,2023-05-07t06:20:00.000,2023-05-07 06:38:00,18,Shoulder hour flights
az3737,alitalia,active,2023-05-07t06:20:00.000,2023-05-07t06:20:00.000,2023-05-07 06:38:00,18,Shoulder hour flights
dl9422,delta air lines,active,2023-05-07t06:20:00.000,2023-05-07t06:20:00.000,2023-05-07 06:38:00,18,Shoulder hour flights
ey7330,etihad airways,active,2023-05-07t06:20:00.000,2023-05-07t06:20:00.000,2023-05-07 06:38:00,18,Shoulder hour flights
g35535,gol,active,2023-05-07t06:20:00.000,2023-05-07t06:20:00.000,2023-05-07 06:38:00,18,Shoulder hour flights
kq1046,kenya airways,active,2023-05-07t06:20:00.000,2023-05-07t06:20:00.000,2023-05-07 06:38:00,18,Shoulder hour flights
vs6854,virgin atlantic,active,2023-05-07t06:20:00.000,2023-05-07t06:20:00.000,2023-05-07 06:38:00,18,Shoulder hour flights
kl1046,klm,active,2023-05-07t06:20:00.000,2023-05-07t06:20:00.000,2023-05-07 06:38:00,18,Shoulder hour flights
x36770,tuifly,active,2023-05-07t06:30:00.000,2023-05-07t06:30:00.000,2023-05-07 06:52:00,23,Shoulder hour flights
u22821,easyjet,active,2023-05-07t06:35:00.000,2023-05-07t06:37:00.000,2023-05-07 06:56:00,22,Shoulder hour flights
u22841,easyjet,active,2023-05-07t06:35:00.000,2023-05-07t06:35:00.000,2023-05-07 06:49:00,14,Shoulder hour flights
x3736,tuifly,active,2023-05-07t06:00:00.000,2023-05-07t06:10:00.000,2023-05-07 06:25:00,25,Shoulder hour flights
u22845,easyjet,active,2023-05-08t06:00:00.000,2023-05-08t06:00:00.000,2023-05-08 06:00:00,0,Shoulder hour flights
ls1879,jet2,active,2023-05-08t06:45:00.000,2023-05-08t06:55:00.000,2023-05-08 06:55:00,10,Shoulder hour flights
x36212,tuifly,active,2023-05-09t06:00:00.000,2023-05-09t06:10:00.000,2023-05-09 06:09:00,9,Shoulder hour flights
x36254,tuifly,active,2023-05-09t06:00:00.000,2023-05-09t06:00:00.000,2023-05-09 06:16:00,17,Shoulder hour flights
u22709,easyjet,active,2023-05-09t06:00:00.000,2023-05-09t06:00:00.000,2023-05-09 06:18:00,19,Shoulder hour flights
u22715,easyjet,active,2023-05-09t06:00:00.000,2023-05-09t06:00:00.000,2023-05-09 06:14:00,14,Shoulder hour flights
ls1891,jet2,active,2023-05-09t06:05:00.000,2023-05-09t06:15:00.000,2023-05-09 06:21:00,16,Shoulder hour flights
x36272,tuifly,active,2023-05-09t06:05:00.000,2023-05-09t06:15:00.000,2023-05-09 06:39:00,34,Shoulder hour flights
u22733,easyjet,active,2023-05-09t06:10:00.000,2023-05-09t06:10:00.000,2023-05-09 06:47:00,37,Shoulder hour flights
u22765,easyjet,active,2023-05-09t06:10:00.000,2023-05-09t06:10:00.000,2023-05-09 06:27:00,17,Shoulder hour flights
u22891,easyjet,active,2023-05-09t06:10:00.000,2023-05-09t06:10:00.000,2023-05-09 06:29:00,20,Shoulder hour flights
fr505,ryanair,active,2023-05-09t06:15:00.000,2023-05-09t06:05:00.000,2023-05-09 06:23:00,9,Shoulder hour flights
u22731,easyjet,active,2023-05-09t06:15:00.000,2023-05-09t06:15:00.000,2023-05-09 06:36:00,22,Shoulder hour flights
u22843,easyjet,active,2023-05-09t06:15:00.000,2023-05-09t06:28:00.000,2023-05-09 06:34:00,19,Shoulder hour flights
af5199,air france,active,2023-05-09t06:20:00.000,2023-05-09t06:30:00.000,2023-05-09 06:31:00,12,Shoulder hour flights
az3737,alitalia,active,2023-05-09t06:20:00.000,2023-05-09t06:30:00.000,2023-05-09 06:31:00,12,Shoulder hour flights
dl9422,delta air lines,active,2023-05-09t06:20:00.000,2023-05-09t06:30:00.000,2023-05-09 06:31:00,12,Shoulder hour flights
ey7330,etihad airways,active,2023-05-09t06:20:00.000,2023-05-09t06:30:00.000,2023-05-09 06:31:00,12,Shoulder hour flights
g35535,gol,active,2023-05-09t06:20:00.000,2023-05-09t06:30:00.000,2023-05-09 06:31:00,12,Shoulder hour flights
kq1046,kenya airways,active,2023-05-09t06:20:00.000,2023-05-09t06:30:00.000,2023-05-09 06:31:00,12,Shoulder hour flights
vs6854,virgin atlantic,active,2023-05-09t06:20:00.000,2023-05-09t06:30:00.000,2023-05-09 06:31:00,12,Shoulder hour flights
kl1046,klm,active,2023-05-09t06:20:00.000,2023-05-09t06:30:00.000,2023-05-09 06:31:00,12,Shoulder hour flights
ls1817,jet2,active,2023-05-09t06:30:00.000,2023-05-09t06:40:00.000,2023-05-09 06:49:00,19,Shoulder hour flights
ls1895,jet2,active,2023-05-10t05:55:00.000,2023-05-10t06:00:00.000,2023-05-10 06:00:00,5,Shoulder hour flights
ls1815,jet2,active,2023-05-10t06:00:00.000,2023-05-11t22:30:00.000,2023-05-10 06:18:00,18,Shoulder hour flights
u22715,easyjet,active,2023-05-10t06:00:00.000,2023-05-10t06:00:00.000,2023-05-10 06:08:00,8,Shoulder hour flights
u22709,easyjet,active,2023-05-10t06:00:00.000,2023-05-10t06:00:00.000,2023-05-10 06:14:00,15,Shoulder hour flights
u22815,easyjet,active,2023-05-10t06:00:00.000,2023-05-10t06:00:00.000,2023-05-10 06:23:00,23,Shoulder hour flights
u22731,easyjet,active,2023-05-10t06:05:00.000,2023-05-10t06:05:00.000,2023-05-10 06:20:00,16,Shoulder hour flights
x36376,tuifly,active,2023-05-10t06:10:00.000,2023-05-10t06:10:00.000,2023-05-10 06:12:00,2,Shoulder hour flights
u22893,easyjet,active,2023-05-10t06:10:00.000,2023-05-10t06:10:00.000,2023-05-10 06:25:00,15,Shoulder hour flights
x36348,tuifly,active,2023-05-10t06:15:00.000,2023-05-10t06:15:00.000,2023-05-10 06:30:00,15,Shoulder hour flights
af5199,air france,active,2023-05-10t06:20:00.000,2023-05-10t06:20:00.000,2023-05-10 06:27:00,8,Shoulder hour flights
az3737,alitalia,active,2023-05-10t06:20:00.000,2023-05-10t06:20:00.000,2023-05-10 06:27:00,8,Shoulder hour flights
dl9422,delta air lines,active,2023-05-10t06:20:00.000,2023-05-10t06:20:00.000,2023-05-10 06:27:00,8,Shoulder hour flights
ey7330,etihad airways,active,2023-05-10t06:20:00.000,2023-05-10t06:20:00.000,2023-05-10 06:27:00,8,Shoulder hour flights
g35535,gol,active,2023-05-10t06:20:00.000,2023-05-10t06:20:00.000,2023-05-10 06:27:00,8,Shoulder hour flights
kq1046,kenya airways,active,2023-05-10t06:20:00.000,2023-05-10t06:20:00.000,2023-05-10 06:27:00,8,Shoulder hour flights
vs6854,virgin atlantic,active,2023-05-10t06:20:00.000,2023-05-10t06:20:00.000,2023-05-10 06:27:00,8,Shoulder hour flights
kl1046,klm,active,2023-05-10t06:20:00.000,2023-05-10t06:20:00.000,2023-05-10 06:27:00,8,Shoulder hour flights
ls1817,jet2,active,2023-05-10t06:20:00.000,2023-05-10t06:30:00.000,2023-05-10 06:40:00,20,Shoulder hour flights
x36362,tuifly,active,2023-05-10t06:25:00.000,2023-05-10t06:55:00.000,2023-05-10 06:52:00,27,Shoulder hour flights
u22811,easyjet,active,2023-05-10t06:25:00.000,2023-05-10t06:25:00.000,2023-05-10 06:37:00,12,Shoulder hour flights
u22719,easyjet,active,2023-05-10t06:40:00.000,2023-05-10t06:40:00.000,2023-05-10 06:55:00,15,Shoulder hour flights
u2237,easyjet,active,2023-05-10t06:55:00.000,2023-05-10t06:55:00.000,2023-05-10 06:59:00,4,Shoulder hour flights
fr505,ryanair,active,2023-05-11t05:55:00.000,2023-05-11t06:03:00.000,2023-05-11 06:00:00,5,Shoulder hour flights
fr4121,ryanair,active,2023-05-11t05:55:00.000,2023-05-11t05:55:00.000,2023-05-11 06:10:00,15,Shoulder hour flights
x3466,tuifly,active,2023-05-11t06:00:00.000,2023-05-11t06:00:00.000,2023-05-11 06:16:00,17,Shoulder hour flights
x36482,tuifly,active,2023-05-11t06:00:00.000,2023-05-11t06:00:00.000,2023-05-11 06:07:00,7,Shoulder hour flights
u22709,easyjet,active,2023-05-11t06:00:00.000,2023-05-11t06:00:00.000,2023-05-11 06:03:00,4,Shoulder hour flights
u22715,easyjet,active,2023-05-11t06:00:00.000,2023-05-11t06:00:00.000,2023-05-11 06:14:00,15,Shoulder hour flights
u22891,easyjet,active,2023-05-11t06:00:00.000,2023-05-11t06:00:00.000,2023-05-11 06:12:00,13,Shoulder hour flights
u22731,easyjet,active,2023-05-11t06:05:00.000,2023-05-11t06:18:00.000,2023-05-11 06:32:00,27,Shoulder hour flights
u22843,easyjet,active,2023-05-11t06:10:00.000,2023-05-11t06:10:00.000,2023-05-11 06:24:00,14,Shoulder hour flights
ls1877,jet2,active,2023-05-11t06:15:00.000,2023-05-11t06:15:00.000,2023-05-11 06:36:00,22,Shoulder hour flights
u22702,easyjet,active,2023-05-11t06:15:00.000,2023-05-11t06:15:00.000,2023-05-11 06:30:00,15,Shoulder hour flights
u22837,easyjet,active,2023-05-11t06:15:00.000,2023-05-11t06:15:00.000,2023-05-11 06:26:00,12,Shoulder hour flights
af5199,air france,active,2023-05-11t06:20:00.000,2023-05-11t06:20:00.000,2023-05-11 06:34:00,14,Shoulder hour flights
az3737,alitalia,active,2023-05-11t06:20:00.000,2023-05-11t06:20:00.000,2023-05-11 06:34:00,14,Shoulder hour flights
dl9422,delta air lines,active,2023-05-11t06:20:00.000,2023-05-11t06:20:00.000,2023-05-11 06:34:00,14,Shoulder hour flights
ey7330,etihad airways,active,2023-05-11t06:20:00.000,2023-05-11t06:20:00.000,2023-05-11 06:34:00,14,Shoulder hour flights
g35535,gol,active,2023-05-11t06:20:00.000,2023-05-11t06:20:00.000,2023-05-11 06:34:00,14,Shoulder hour flights
kq1046,kenya airways,active,2023-05-11t06:20:00.000,2023-05-11t06:20:00.000,2023-05-11 06:34:00,14,Shoulder hour flights
vs6854,virgin atlantic,active,2023-05-11t06:20:00.000,2023-05-11t06:20:00.000,2023-05-11 06:34:00,14,Shoulder hour flights
kl1046,klm,active,2023-05-11t06:20:00.000,2023-05-11t06:20:00.000,2023-05-11 06:34:00,14,Shoulder hour flights
ls1821,jet2,active,2023-05-11t06:25:00.000,2023-05-11t06:20:00.000,2023-05-11 06:39:00,15,Shoulder hour flights
ls1897,jet2,active,2023-05-11t06:25:00.000,2023-05-11t06:40:00.000,2023-05-11 06:45:00,20,Shoulder hour flights
u22939,easyjet,active,2023-05-11t06:35:00.000,2023-05-11t06:48:00.000,2023-05-11 06:52:00,17,Shoulder hour flights
fr505,ryanair,active,2023-05-12t05:55:00.000,2023-05-12t05:55:00.000,2023-05-12 05:59:00,5,Night hour departures
ls1885,jet2,active,2023-05-12t05:55:00.000,2023-05-12t06:05:00.000,2023-05-12 06:08:00,14,Shoulder hour flights
u22709,easyjet,active,2023-05-12t06:00:00.000,2023-05-12t06:00:00.000,2023-05-12 06:14:00,14,Shoulder hour flights
u22715,easyjet,active,2023-05-12t06:00:00.000,2023-05-12t06:00:00.000,2023-05-12 06:11:00,11,Shoulder hour flights
u22845,easyjet,active,2023-05-12t06:00:00.000,2023-05-12t06:05:00.000,2023-05-12 06:22:00,22,Shoulder hour flights
u22731,easyjet,active,2023-05-12t06:05:00.000,2023-05-12t06:05:00.000,2023-05-12 06:32:00,28,Shoulder hour flights
u22805,easyjet,active,2023-05-12t06:10:00.000,2023-05-12t06:10:00.000,2023-05-12 06:27:00,17,Shoulder hour flights
ls1871,jet2,active,2023-05-12t06:15:00.000,2023-05-12t06:15:00.000,2023-05-12 06:24:00,10,Shoulder hour flights
x36558,tuifly,active,2023-05-12t06:35:00.000,2023-05-12t06:35:00.000,2023-05-12 06:48:00,14,Shoulder hour flights
fr1941,ryanair,active,2023-05-12t06:40:00.000,2023-05-12t06:40:00.000,2023-05-12 06:54:00,15,Shoulder hour flights
u22715,easyjet,active,2023-05-13t06:00:00.000,2023-05-13t06:00:00.000,2023-05-13 06:09:00,10,Shoulder hour flights
x36672,tuifly,active,2023-05-13t06:05:00.000,2023-05-13t06:05:00.000,2023-05-13 06:18:00,13,Shoulder hour flights
u22837,easyjet,active,2023-05-13t06:05:00.000,2023-05-13t06:05:00.000,2023-05-13 06:24:00,20,Shoulder hour flights
u22721,easyjet,active,2023-05-13t06:10:00.000,2023-05-13t06:10:00.000,2023-05-13 06:20:00,10,Shoulder hour flights
u22731,easyjet,active,2023-05-13t06:10:00.000,2023-05-13t06:10:00.000,2023-05-13 06:22:00,13,Shoulder hour flights
u22921,easyjet,active,2023-05-13t06:10:00.000,2023-05-13t06:10:00.000,2023-05-13 06:26:00,17,Shoulder hour flights
ls1821,jet2,active,2023-05-13t06:15:00.000,2023-05-13t06:15:00.000,2023-05-13 06:16:00,1,Shoulder hour flights
x36680,tuifly,active,2023-05-13t06:20:00.000,2023-05-13t06:00:00.000,2023-05-13 06:36:00,17,Shoulder hour flights
u22733,easyjet,active,2023-05-13t06:20:00.000,2023-05-13t06:20:00.000,2023-05-13 06:38:00,19,Shoulder hour flights
fr505,ryanair,active,2023-05-13t06:25:00.000,2023-05-13t06:25:00.000,2023-05-13 06:34:00,10,Shoulder hour flights
u22877,easyjet,active,2023-05-13t06:25:00.000,2023-05-13t06:25:00.000,2023-05-13 06:41:00,16,Shoulder hour flights
ls1835,jet2,active,2023-05-13t06:30:00.000,2023-05-13t06:40:00.000,2023-05-13 06:50:00,20,Shoulder hour flights
u22883,easyjet,active,2023-05-13t06:30:00.000,2023-05-13t06:41:00.000,2023-05-13 06:52:00,22,Shoulder hour flights
x3696,tuifly,active,2023-05-13t06:15:00.000,2023-05-13t06:25:00.000,2023-05-13 06:29:00,14,Shoulder hour flights
fr8202,ryanair,active,2023-05-14t05:55:00.000,2023-05-14t05:55:00.000,2023-05-14 06:10:00,15,Shoulder hour flights
x36710,tuifly,active,2023-05-14t06:00:00.000,2023-05-14t06:00:00.000,2023-05-14 06:13:00,13,Shoulder hour flights
x36774,tuifly,active,2023-05-14t06:00:00.000,2023-05-14t06:00:00.000,2023-05-14 06:08:00,8,Shoulder hour flights
u22815,easyjet,active,2023-05-14t06:00:00.000,2023-05-14t06:00:00.000,2023-05-14 06:06:00,6,Shoulder hour flights
u22853,easyjet,active,2023-05-14t06:00:00.000,2023-05-14t06:00:00.000,2023-05-14 06:16:00,16,Shoulder hour flights
u22891,easyjet,active,2023-05-14t06:10:00.000,2023-05-14t06:10:00.000,2023-05-14 06:23:00,13,Shoulder hour flights
u22939,easyjet,active,2023-05-14t06:10:00.000,2023-05-14t06:10:00.000,2023-05-14 06:19:00,9,Shoulder hour flights
ls1815,jet2,active,2023-05-14t06:15:00.000,2023-05-14t06:22:00.000,2023-05-14 06:32:00,17,Shoulder hour flights
ls1871,jet2,active,2023-05-14t06:15:00.000,2023-05-14t06:25:00.000,2023-05-14 06:25:00,10,Shoulder hour flights
u22702,easyjet,active,2023-05-14t06:15:00.000,2023-05-14t06:15:00.000,2023-05-14 06:38:00,23,Shoulder hour flights
u22715,easyjet,active,2023-05-14t06:15:00.000,2023-05-14t06:15:00.000,2023-05-14 06:30:00,15,Shoulder hour flights
u22731,easyjet,active,2023-05-14t06:15:00.000,2023-05-14t06:15:00.000,2023-05-14 06:42:00,28,Shoulder hour flights
af5199,air france,active,2023-05-14t06:20:00.000,2023-05-14t06:24:00.000,2023-05-14 06:40:00,20,Shoulder hour flights
az3737,alitalia,active,2023-05-14t06:20:00.000,2023-05-14t06:24:00.000,2023-05-14 06:40:00,20,Shoulder hour flights
dl9422,delta air lines,active,2023-05-14t06:20:00.000,2023-05-14t06:24:00.000,2023-05-14 06:40:00,20,Shoulder hour flights
ey7330,etihad airways,active,2023-05-14t06:20:00.000,2023-05-14t06:24:00.000,2023-05-14 06:40:00,20,Shoulder hour flights
g35535,gol,active,2023-05-14t06:20:00.000,2023-05-14t06:24:00.000,2023-05-14 06:40:00,20,Shoulder hour flights
kq1046,kenya airways,active,2023-05-14t06:20:00.000,2023-05-14t06:24:00.000,2023-05-14 06:40:00,20,Shoulder hour flights
vs6854,virgin atlantic,active,2023-05-14t06:20:00.000,2023-05-14t06:24:00.000,2023-05-14 06:40:00,20,Shoulder hour flights
kl1046,klm,active,2023-05-14t06:20:00.000,2023-05-14t06:24:00.000,2023-05-14 06:40:00,20,Shoulder hour flights
x36770,tuifly,active,2023-05-14t06:30:00.000,2023-05-14t06:30:00.000,2023-05-14 06:48:00,19,Shoulder hour flights
u22821,easyjet,active,2023-05-14t06:35:00.000,2023-05-14t06:35:00.000,2023-05-14 06:50:00,16,Shoulder hour flights
u22839,easyjet,active,2023-05-14t06:45:00.000,2023-05-14t06:45:00.000,2023-05-14 06:59:00,14,Shoulder hour flights
fr4440,ryanair,active,2023-05-15t05:55:00.000,2023-05-15t06:30:00.000,2023-05-15 06:33:00,38,Shoulder hour flights
x36114,tuifly,active,2023-05-15t06:00:00.000,2023-05-15t06:40:00.000,2023-05-15 06:39:00,39,Shoulder hour flights
x36148,tuifly,active,2023-05-15t06:00:00.000,2023-05-15t06:00:00.000,2023-05-15 06:15:00,15,Shoulder hour flights
u22715,easyjet,active,2023-05-15t06:00:00.000,2023-05-15t06:13:00.000,2023-05-15 06:27:00,27,Shoulder hour flights
u22709,easyjet,active,2023-05-15t06:00:00.000,2023-05-15t06:00:00.000,2023-05-15 06:17:00,17,Shoulder hour flights
u22845,easyjet,active,2023-05-15t06:00:00.000,2023-05-15t06:00:00.000,2023-05-15 06:01:00,1,Shoulder hour flights
u22891,easyjet,active,2023-05-15t06:05:00.000,2023-05-15t06:18:00.000,2023-05-15 06:21:00,17,Shoulder hour flights
u22805,easyjet,active,2023-05-15t06:10:00.000,2023-05-15t06:10:00.000,2023-05-15 06:29:00,20,Shoulder hour flights
u2223,easyjet,active,2023-05-15t06:15:00.000,2023-05-15t06:15:00.000,2023-05-15 06:19:00,4,Shoulder hour flights
af5199,air france,active,2023-05-15t06:20:00.000,2023-05-15t06:20:00.000,2023-05-15 06:36:00,16,Shoulder hour flights
az3737,alitalia,active,2023-05-15t06:20:00.000,2023-05-15t06:20:00.000,2023-05-15 06:36:00,16,Shoulder hour flights
dl9422,delta air lines,active,2023-05-15t06:20:00.000,2023-05-15t06:20:00.000,2023-05-15 06:36:00,16,Shoulder hour flights
ey7330,etihad airways,active,2023-05-15t06:20:00.000,2023-05-15t06:20:00.000,2023-05-15 06:36:00,16,Shoulder hour flights
g35535,gol,active,2023-05-15t06:20:00.000,2023-05-15t06:20:00.000,2023-05-15 06:36:00,16,Shoulder hour flights
kq1046,kenya airways,active,2023-05-15t06:20:00.000,2023-05-15t06:20:00.000,2023-05-15 06:36:00,16,Shoulder hour flights
vs6854,virgin atlantic,active,2023-05-15t06:20:00.000,2023-05-15t06:20:00.000,2023-05-15 06:36:00,16,Shoulder hour flights
kl1046,klm,active,2023-05-15t06:20:00.000,2023-05-15t06:20:00.000,2023-05-15 06:36:00,16,Shoulder hour flights
u2237,easyjet,active,2023-05-15t07:00:00.000,2023-05-15t07:00:00.000,2023-05-15 06:56:00,0,Shoulder hour flights
x36212,tuifly,active,2023-05-16t06:00:00.000,2023-05-16t06:02:00.000,2023-05-16 06:04:00,4,Shoulder hour flights
x36254,tuifly,active,2023-05-16t06:00:00.000,2023-05-16t06:10:00.000,2023-05-16 06:12:00,12,Shoulder hour flights
u22715,easyjet,active,2023-05-16t06:00:00.000,2023-05-16t06:05:00.000,2023-05-16 06:20:00,21,Shoulder hour flights
u22709,easyjet,active,2023-05-16t06:00:00.000,2023-05-16t06:00:00.000,2023-05-16 06:09:00,10,Shoulder hour flights
ls1891,jet2,active,2023-05-16t06:05:00.000,2023-05-16t06:15:00.000,2023-05-16 06:23:00,18,Shoulder hour flights
x36272,tuifly,active,2023-05-16t06:05:00.000,2023-05-16t06:15:00.000,2023-05-16 06:30:00,26,Shoulder hour flights
u22765,easyjet,active,2023-05-16t06:10:00.000,2023-05-16t06:10:00.000,2023-05-16 06:15:00,5,Shoulder hour flights
u22733,easyjet,active,2023-05-16t06:10:00.000,2023-05-16t06:10:00.000,2023-05-16 06:18:00,9,Shoulder hour flights
u22891,easyjet,active,2023-05-16t06:10:00.000,2023-05-16t06:31:00.000,2023-05-16 06:39:00,29,Shoulder hour flights
fr505,ryanair,active,2023-05-16t06:15:00.000,2023-05-16t06:15:00.000,2023-05-16 06:25:00,11,Shoulder hour flights
u22731,easyjet,active,2023-05-16t06:15:00.000,2023-05-16t06:15:00.000,2023-05-16 06:27:00,13,Shoulder hour flights
u22837,easyjet,active,2023-05-16t06:15:00.000,2023-05-16t06:23:00.000,2023-05-16 06:36:00,22,Shoulder hour flights
u22843,easyjet,active,2023-05-16t06:15:00.000,2023-05-16t06:15:00.000,2023-05-16 06:34:00,20,Shoulder hour flights
af5199,air france,active,2023-05-16t06:20:00.000,2023-05-16t06:17:00.000,2023-05-16 06:32:00,12,Shoulder hour flights
az3737,alitalia,active,2023-05-16t06:20:00.000,2023-05-16t06:17:00.000,2023-05-16 06:32:00,12,Shoulder hour flights
dl9422,delta air lines,active,2023-05-16t06:20:00.000,2023-05-16t06:17:00.000,2023-05-16 06:32:00,12,Shoulder hour flights
ey7330,etihad airways,active,2023-05-16t06:20:00.000,2023-05-16t06:17:00.000,2023-05-16 06:32:00,12,Shoulder hour flights
g35535,gol,active,2023-05-16t06:20:00.000,2023-05-16t06:17:00.000,2023-05-16 06:32:00,12,Shoulder hour flights
kq1046,kenya airways,active,2023-05-16t06:20:00.000,2023-05-16t06:17:00.000,2023-05-16 06:32:00,12,Shoulder hour flights
vs6854,virgin atlantic,active,2023-05-16t06:20:00.000,2023-05-16t06:17:00.000,2023-05-16 06:32:00,12,Shoulder hour flights
kl1046,klm,active,2023-05-16t06:20:00.000,2023-05-16t06:17:00.000,2023-05-16 06:32:00,12,Shoulder hour flights
x36230,tuifly,active,2023-05-16t06:35:00.000,2023-05-16t06:35:00.000,2023-05-16 06:43:00,8,Shoulder hour flights
u22939,easyjet,active,2023-05-16t06:35:00.000,2023-05-16t06:35:00.000,2023-05-16 06:46:00,11,Shoulder hour flights
u22702,easyjet,active,2023-05-16t06:50:00.000,2023-05-16t06:50:00.000,2023-05-16 06:56:00,7,Shoulder hour flights
ls1895,jet2,active,2023-05-17t05:55:00.000,2023-05-17t05:55:00.000,2023-05-17 06:15:00,20,Shoulder hour flights
ls1815,jet2,active,2023-05-17t06:00:00.000,2023-05-17t06:16:00.000,2023-05-17 06:32:00,33,Shoulder hour flights
u22709,easyjet,active,2023-05-17t06:00:00.000,2023-05-17t06:00:00.000,2023-05-17 06:09:00,10,Shoulder hour flights
u22715,easyjet,active,2023-05-17t06:00:00.000,2023-05-17t06:00:00.000,2023-05-17 06:12:00,12,Shoulder hour flights
u22815,easyjet,active,2023-05-17t06:00:00.000,2023-05-17t06:00:00.000,2023-05-17 06:40:00,41,Shoulder hour flights
u22731,easyjet,active,2023-05-17t06:05:00.000,2023-05-17t06:05:00.000,2023-05-17 06:22:00,18,Shoulder hour flights
x36376,tuifly,active,2023-05-17t06:10:00.000,2023-05-17t06:10:00.000,2023-05-17 06:27:00,17,Shoulder hour flights
u22893,easyjet,active,2023-05-17t06:10:00.000,2023-05-17t06:10:00.000,2023-05-17 06:24:00,15,Shoulder hour flights
x36348,tuifly,active,2023-05-17t06:15:00.000,2023-05-17t06:40:00.000,2023-05-17 06:48:00,34,Shoulder hour flights
af5199,air france,active,2023-05-17t06:20:00.000,2023-05-17t06:18:00.000,2023-05-17 06:30:00,11,Shoulder hour flights
az3737,alitalia,active,2023-05-17t06:20:00.000,2023-05-17t06:18:00.000,2023-05-17 06:30:00,11,Shoulder hour flights
dl9422,delta air lines,active,2023-05-17t06:20:00.000,2023-05-17t06:18:00.000,2023-05-17 06:30:00,11,Shoulder hour flights
ey7330,etihad airways,active,2023-05-17t06:20:00.000,2023-05-17t06:18:00.000,2023-05-17 06:30:00,11,Shoulder hour flights
g35535,gol,active,2023-05-17t06:20:00.000,2023-05-17t06:18:00.000,2023-05-17 06:30:00,11,Shoulder hour flights
kq1046,kenya airways,active,2023-05-17t06:20:00.000,2023-05-17t06:18:00.000,2023-05-17 06:30:00,11,Shoulder hour flights
vs6854,virgin atlantic,active,2023-05-17t06:20:00.000,2023-05-17t06:18:00.000,2023-05-17 06:30:00,11,Shoulder hour flights
kl1046,klm,active,2023-05-17t06:20:00.000,2023-05-17t06:18:00.000,2023-05-17 06:30:00,11,Shoulder hour flights
ls1817,jet2,active,2023-05-17t06:20:00.000,2023-05-17t06:39:00.000,2023-05-17 06:43:00,24,Shoulder hour flights
fr505,ryanair,active,2023-05-17t06:50:00.000,2023-05-17t06:50:00.000,2023-05-17 06:54:00,5,Shoulder hour flights
fr505,ryanair,active,2023-05-18t05:55:00.000,2023-05-18t05:55:00.000,2023-05-18 06:00:00,6,Shoulder hour flights
fr4121,ryanair,active,2023-05-18t05:55:00.000,2023-05-18t05:55:00.000,2023-05-18 06:11:00,16,Shoulder hour flights
x3466,tuifly,active,2023-05-18t06:00:00.000,2023-05-18t06:00:00.000,2023-05-18 06:38:00,39,Shoulder hour flights
x36406,tuifly,active,2023-05-18t06:00:00.000,2023-05-18t06:00:00.000,2023-05-18 06:03:00,4,Shoulder hour flights
x36482,tuifly,active,2023-05-18t06:00:00.000,2023-05-18t06:00:00.000,2023-05-18 06:15:00,16,Shoulder hour flights
u22709,easyjet,active,2023-05-18t06:00:00.000,2023-05-18t06:00:00.000,2023-05-18 06:17:00,18,Shoulder hour flights
u22715,easyjet,active,2023-05-18t06:00:00.000,2023-05-18t06:00:00.000,2023-05-18 06:08:00,8,Shoulder hour flights
u22891,easyjet,active,2023-05-18t06:00:00.000,2023-05-18t06:00:00.000,2023-05-18 06:21:00,22,Shoulder hour flights
u22731,easyjet,active,2023-05-18t06:05:00.000,2023-05-18t06:05:00.000,2023-05-18 06:20:00,15,Shoulder hour flights
u22843,easyjet,active,2023-05-18t06:10:00.000,2023-05-18t06:10:00.000,2023-05-18 06:26:00,17,Shoulder hour flights
ls1877,jet2,active,2023-05-18t06:15:00.000,2023-05-18t06:15:00.000,2023-05-18 06:29:00,14,Shoulder hour flights
u22702,easyjet,active,2023-05-18t06:15:00.000,2023-05-18t06:15:00.000,2023-05-18 06:24:00,9,Shoulder hour flights
u22837,easyjet,active,2023-05-18t06:15:00.000,2023-05-18t06:15:00.000,2023-05-18 06:35:00,20,Shoulder hour flights
af5199,air france,active,2023-05-18t06:20:00.000,2023-05-18t06:20:00.000,2023-05-18 06:32:00,12,Shoulder hour flights
az3737,alitalia,active,2023-05-18t06:20:00.000,2023-05-18t06:20:00.000,2023-05-18 06:32:00,12,Shoulder hour flights
dl9422,delta air lines,active,2023-05-18t06:20:00.000,2023-05-18t06:20:00.000,2023-05-18 06:32:00,12,Shoulder hour flights
ey7330,etihad airways,active,2023-05-18t06:20:00.000,2023-05-18t06:20:00.000,2023-05-18 06:32:00,12,Shoulder hour flights
g35535,gol,active,2023-05-18t06:20:00.000,2023-05-18t06:20:00.000,2023-05-18 06:32:00,12,Shoulder hour flights
kq1046,kenya airways,active,2023-05-18t06:20:00.000,2023-05-18t06:20:00.000,2023-05-18 06:32:00,12,Shoulder hour flights
vs6854,virgin atlantic,active,2023-05-18t06:20:00.000,2023-05-18t06:20:00.000,2023-05-18 06:32:00,12,Shoulder hour flights
kl1046,klm,active,2023-05-18t06:20:00.000,2023-05-18t06:20:00.000,2023-05-18 06:32:00,12,Shoulder hour flights
ls1897,jet2,active,2023-05-18t06:25:00.000,2023-05-18t06:25:00.000,2023-05-18 06:41:00,17,Shoulder hour flights
u22939,easyjet,active,2023-05-18t06:35:00.000,2023-05-18t07:03:00.000,2023-05-18 06:58:00,23,Shoulder hour flights
ls1879,jet2,active,2023-05-18t06:45:00.000,2023-05-18t06:45:00.000,2023-05-18 06:55:00,11,Shoulder hour flights
fr505,ryanair,active,2023-05-19t05:55:00.000,2023-05-19t05:55:00.000,2023-05-19 06:00:00,5,Shoulder hour flights
ls1885,jet2,active,2023-05-19t05:55:00.000,2023-05-19t05:55:00.000,2023-05-19 06:02:00,7,Shoulder hour flights
u22709,easyjet,active,2023-05-19t06:00:00.000,2023-05-19t06:00:00.000,2023-05-19 06:12:00,13,Shoulder hour flights
u22715,easyjet,active,2023-05-19t06:00:00.000,2023-05-19t06:00:00.000,2023-05-19 06:10:00,10,Shoulder hour flights
u22845,easyjet,active,2023-05-19t06:00:00.000,2023-05-19t06:00:00.000,2023-05-19 06:08:00,8,Shoulder hour flights
u22731,easyjet,active,2023-05-19t06:05:00.000,2023-05-19t06:05:00.000,2023-05-19 06:14:00,10,Shoulder hour flights
x36524,tuifly,active,2023-05-19t06:10:00.000,2023-05-19t06:50:00.000,2023-05-19 06:59:00,50,Shoulder hour flights
u22805,easyjet,active,2023-05-19t06:10:00.000,2023-05-19t06:10:00.000,2023-05-19 06:28:00,18,Shoulder hour flights
ls1871,jet2,active,2023-05-19t06:15:00.000,2023-05-19t06:15:00.000,2023-05-19 06:26:00,11,Shoulder hour flights
af5199,air france,active,2023-05-19t06:20:00.000,2023-05-19t06:20:00.000,2023-05-19 06:21:00,2,Shoulder hour flights
az3737,alitalia,active,2023-05-19t06:20:00.000,2023-05-19t06:20:00.000,2023-05-19 06:21:00,2,Shoulder hour flights
dl9422,delta air lines,active,2023-05-19t06:20:00.000,2023-05-19t06:20:00.000,2023-05-19 06:21:00,2,Shoulder hour flights
ey7330,etihad airways,active,2023-05-19t06:20:00.000,2023-05-19t06:20:00.000,2023-05-19 06:21:00,2,Shoulder hour flights
g35535,gol,active,2023-05-19t06:20:00.000,2023-05-19t06:20:00.000,2023-05-19 06:21:00,2,Shoulder hour flights
kq1046,kenya airways,active,2023-05-19t06:20:00.000,2023-05-19t06:20:00.000,2023-05-19 06:21:00,2,Shoulder hour flights
vs6854,virgin atlantic,active,2023-05-19t06:20:00.000,2023-05-19t06:20:00.000,2023-05-19 06:21:00,2,Shoulder hour flights
kl1046,klm,active,2023-05-19t06:20:00.000,2023-05-19t06:20:00.000,2023-05-19 06:21:00,2,Shoulder hour flights
ls1805,jet2,active,2023-05-19t06:25:00.000,2023-05-19t06:45:00.000,2023-05-19 06:54:00,30,Shoulder hour flights
x36558,tuifly,active,2023-05-19t06:35:00.000,2023-05-19t06:35:00.000,2023-05-19 06:40:00,6,Shoulder hour flights
fr1941,ryanair,active,2023-05-19t06:40:00.000,2023-05-19t06:40:00.000,2023-05-19 06:56:00,17,Shoulder hour flights
u22715,easyjet,active,2023-05-20t06:00:00.000,2023-05-20t06:00:00.000,2023-05-20 06:42:00,43,Shoulder hour flights
x36672,tuifly,active,2023-05-20t06:05:00.000,2023-05-20t06:05:00.000,2023-05-20 06:09:00,4,Shoulder hour flights
u22721,easyjet,active,2023-05-20t06:10:00.000,2023-05-20t06:10:00.000,2023-05-20 06:19:00,9,Shoulder hour flights
u22731,easyjet,active,2023-05-20t06:10:00.000,2023-05-20t06:10:00.000,2023-05-20 06:38:00,29,Shoulder hour flights
u22921,easyjet,active,2023-05-20t06:10:00.000,2023-05-20t06:10:00.000,2023-05-20 06:29:00,20,Shoulder hour flights
ls1821,jet2,active,2023-05-20t06:15:00.000,2023-05-20t06:15:00.000,2023-05-20 06:26:00,12,Shoulder hour flights
u22702,easyjet,active,2023-05-20t06:15:00.000,2023-05-20t06:15:00.000,2023-05-20 06:45:00,30,Shoulder hour flights
x36680,tuifly,active,2023-05-20t06:20:00.000,2023-05-20t06:00:00.000,2023-05-20 06:14:00,0,Shoulder hour flights
fr505,ryanair,active,2023-05-20t06:25:00.000,2023-05-20t06:25:00.000,2023-05-20 06:40:00,16,Shoulder hour flights
u22877,easyjet,active,2023-05-20t06:25:00.000,2023-05-20t06:25:00.000,2023-05-20 06:47:00,22,Shoulder hour flights
ls1805,jet2,active,2023-05-20t06:55:00.000,2023-05-20t06:55:00.000,2023-05-20 06:59:00,5,Shoulder hour flights
x3696,tuifly,active,2023-05-20t06:15:00.000,2023-05-20t06:25:00.000,2023-05-20 06:33:00,18,Shoulder hour flights
fr8202,ryanair,active,2023-05-21t05:55:00.000,2023-05-21t05:55:00.000,2023-05-21 06:14:00,19,Shoulder hour flights
u22815,easyjet,active,2023-05-21t06:00:00.000,2023-05-21t06:00:00.000,2023-05-21 06:16:00,16,Shoulder hour flights
u22853,easyjet,active,2023-05-21t06:00:00.000,2023-05-21t06:00:00.000,2023-05-21 06:18:00,18,Shoulder hour flights
u22891,easyjet,active,2023-05-21t06:10:00.000,2023-05-21t06:10:00.000,2023-05-21 06:29:00,20,Shoulder hour flights
u22939,easyjet,active,2023-05-21t06:10:00.000,2023-05-21t06:24:00.000,2023-05-21 06:34:00,24,Shoulder hour flights
ls1815,jet2,active,2023-05-21t06:15:00.000,2023-05-21t06:15:00.000,2023-05-21 06:38:00,24,Shoulder hour flights
ls1871,jet2,active,2023-05-21t06:15:00.000,2023-05-21t06:15:00.000,2023-05-21 06:21:00,7,Shoulder hour flights
u22702,easyjet,active,2023-05-21t06:15:00.000,2023-05-21t06:15:00.000,2023-05-21 06:36:00,22,Shoulder hour flights
u22715,easyjet,active,2023-05-21t06:15:00.000,2023-05-21t06:15:00.000,2023-05-21 06:58:00,43,Shoulder hour flights
u22731,easyjet,active,2023-05-21t06:15:00.000,2023-05-21t06:15:00.000,2023-05-21 06:40:00,26,Shoulder hour flights
af5199,air france,active,2023-05-21t06:20:00.000,2023-05-21t06:28:00.000,2023-05-21 06:25:00,6,Shoulder hour flights
az3737,alitalia,active,2023-05-21t06:20:00.000,2023-05-21t06:28:00.000,2023-05-21 06:25:00,6,Shoulder hour flights
dl9422,delta air lines,active,2023-05-21t06:20:00.000,2023-05-21t06:28:00.000,2023-05-21 06:25:00,6,Shoulder hour flights
ey7330,etihad airways,active,2023-05-21t06:20:00.000,2023-05-21t06:28:00.000,2023-05-21 06:25:00,6,Shoulder hour flights
g35535,gol,active,2023-05-21t06:20:00.000,2023-05-21t06:28:00.000,2023-05-21 06:25:00,6,Shoulder hour flights
kq1046,kenya airways,active,2023-05-21t06:20:00.000,2023-05-21t06:28:00.000,2023-05-21 06:25:00,6,Shoulder hour flights
vs6854,virgin atlantic,active,2023-05-21t06:20:00.000,2023-05-21t06:28:00.000,2023-05-21 06:25:00,6,Shoulder hour flights
kl1046,klm,active,2023-05-21t06:20:00.000,2023-05-21t06:28:00.000,2023-05-21 06:25:00,6,Shoulder hour flights
ls1839,jet2,active,2023-05-21t06:30:00.000,2023-05-21t06:40:00.000,2023-05-21 06:44:00,15,Shoulder hour flights
x36770,tuifly,active,2023-05-21t06:30:00.000,2023-05-21t06:30:00.000,2023-05-21 06:48:00,18,Shoulder hour flights
u22841,easyjet,active,2023-05-21t06:35:00.000,2023-05-21t06:35:00.000,2023-05-21 06:50:00,15,Shoulder hour flights
x3736,tuifly,active,2023-05-21t06:00:00.000,2023-05-21t06:10:00.000,2023-05-21 06:10:00,10,Shoulder hour flights
fr4440,ryanair,active,2023-05-22t05:55:00.000,2023-05-22t05:55:00.000,2023-05-22 06:00:00,5,Shoulder hour flights
x36114,tuifly,active,2023-05-22t06:00:00.000,2023-05-22t06:10:00.000,2023-05-22 06:13:00,14,Shoulder hour flights
x36148,tuifly,active,2023-05-22t06:00:00.000,2023-05-22t06:10:00.000,2023-05-22 06:16:00,17,Shoulder hour flights
u22709,easyjet,active,2023-05-22t06:00:00.000,2023-05-22t06:14:00.000,2023-05-22 06:38:00,39,Shoulder hour flights
u22715,easyjet,active,2023-05-22t06:00:00.000,2023-05-22t06:00:00.000,2023-05-22 06:06:00,6,Shoulder hour flights
u22891,easyjet,active,2023-05-22t06:05:00.000,2023-05-22t06:10:00.000,2023-05-22 06:27:00,22,Shoulder hour flights
x36120,tuifly,active,2023-05-22t06:10:00.000,2023-05-22t06:20:00.000,2023-05-22 06:29:00,20,Shoulder hour flights
u22805,easyjet,active,2023-05-22t06:10:00.000,2023-05-22t06:25:00.000,2023-05-22 06:54:00,44,Shoulder hour flights
u2223,easyjet,active,2023-05-22t06:15:00.000,2023-05-22t06:06:00.000,2023-05-22 06:19:00,4,Shoulder hour flights
af5199,air france,active,2023-05-22t06:20:00.000,2023-05-22t06:30:00.000,2023-05-22 06:32:00,12,Shoulder hour flights
az3737,alitalia,active,2023-05-22t06:20:00.000,2023-05-22t06:30:00.000,2023-05-22 06:32:00,12,Shoulder hour flights
dl9422,delta air lines,active,2023-05-22t06:20:00.000,2023-05-22t06:30:00.000,2023-05-22 06:32:00,12,Shoulder hour flights
ey7330,etihad airways,active,2023-05-22t06:20:00.000,2023-05-22t06:30:00.000,2023-05-22 06:32:00,12,Shoulder hour flights
g35535,gol,active,2023-05-22t06:20:00.000,2023-05-22t06:30:00.000,2023-05-22 06:32:00,12,Shoulder hour flights
kq1046,kenya airways,active,2023-05-22t06:20:00.000,2023-05-22t06:30:00.000,2023-05-22 06:32:00,12,Shoulder hour flights
vs6854,virgin atlantic,active,2023-05-22t06:20:00.000,2023-05-22t06:30:00.000,2023-05-22 06:32:00,12,Shoulder hour flights
kl1046,klm,active,2023-05-22t06:20:00.000,2023-05-22t06:30:00.000,2023-05-22 06:32:00,12,Shoulder hour flights
u22801,easyjet,active,2023-05-22t06:25:00.000,2023-05-22t06:25:00.000,2023-05-22 06:57:00,32,Shoulder hour flights
ls1805,jet2,active,2023-05-22t06:40:00.000,2023-05-22t06:52:00.000,2023-05-22 06:46:00,7,Shoulder hour flights
ls1879,jet2,active,2023-05-22t06:45:00.000,2023-05-22t06:55:00.000,2023-05-22 06:52:00,7,Shoulder hour flights
x36212,tuifly,active,2023-05-23t06:00:00.000,2023-05-23t06:00:00.000,2023-05-23 06:16:00,16,Shoulder hour flights
x36254,tuifly,active,2023-05-23t06:00:00.000,2023-05-23t06:00:00.000,2023-05-23 06:09:00,10,Shoulder hour flights
u22715,easyjet,active,2023-05-23t06:00:00.000,2023-05-23t06:34:00.000,2023-05-23 06:46:00,47,Shoulder hour flights
u22709,easyjet,active,2023-05-23t06:00:00.000,2023-05-23t06:14:00.000,2023-05-23 06:20:00,21,Shoulder hour flights
ls1891,jet2,active,2023-05-23t06:05:00.000,2023-05-23t06:05:00.000,2023-05-23 06:11:00,7,Shoulder hour flights
x36272,tuifly,active,2023-05-23t06:05:00.000,2023-05-23t06:15:00.000,2023-05-23 06:48:00,44,Shoulder hour flights
u22765,easyjet,active,2023-05-23t06:10:00.000,2023-05-23t06:10:00.000,2023-05-23 06:32:00,23,Shoulder hour flights
u22733,easyjet,active,2023-05-23t06:10:00.000,2023-05-23t06:10:00.000,2023-05-23 06:37:00,28,Shoulder hour flights
u22891,easyjet,active,2023-05-23t06:10:00.000,2023-05-23t06:10:00.000,2023-05-23 06:28:00,19,Shoulder hour flights
fr505,ryanair,active,2023-05-23t06:15:00.000,2023-05-23t06:15:00.000,2023-05-23 06:18:00,3,Shoulder hour flights
u22731,easyjet,active,2023-05-23t06:15:00.000,2023-05-23t06:30:00.000,2023-05-23 06:41:00,27,Shoulder hour flights
u22837,easyjet,active,2023-05-23t06:15:00.000,2023-05-23t06:15:00.000,2023-05-23 06:24:00,10,Shoulder hour flights
u22843,easyjet,active,2023-05-23t06:15:00.000,2023-05-23t06:15:00.000,2023-05-23 06:39:00,25,Shoulder hour flights
ls1817,jet2,active,2023-05-23t06:30:00.000,2023-05-23t06:30:00.000,2023-05-23 06:44:00,15,Shoulder hour flights
x36230,tuifly,active,2023-05-23t06:35:00.000,2023-05-23t06:35:00.000,2023-05-23 06:51:00,17,Shoulder hour flights
ls1895,jet2,active,2023-05-24t05:55:00.000,2023-05-24t06:00:00.000,2023-05-24 06:01:00,7,Shoulder hour flights
ls1815,jet2,active,2023-05-24t06:00:00.000,2023-05-24t06:00:00.000,2023-05-24 06:08:00,8,Shoulder hour flights
u22709,easyjet,active,2023-05-24t06:00:00.000,2023-05-24t06:00:00.000,2023-05-24 06:23:00,24,Shoulder hour flights
u22715,easyjet,active,2023-05-24t06:00:00.000,2023-05-24t06:00:00.000,2023-05-24 06:14:00,14,Shoulder hour flights
u22815,easyjet,active,2023-05-24t06:00:00.000,2023-05-24t06:00:00.000,2023-05-24 06:16:00,16,Shoulder hour flights
u22731,easyjet,active,2023-05-24t06:05:00.000,2023-05-24t06:05:00.000,2023-05-24 06:18:00,13,Shoulder hour flights
x36376,tuifly,active,2023-05-24t06:10:00.000,2023-05-24t06:10:00.000,2023-05-24 06:20:00,10,Shoulder hour flights
u22893,easyjet,active,2023-05-24t06:10:00.000,2023-05-24t06:10:00.000,2023-05-24 06:26:00,17,Shoulder hour flights
x36348,tuifly,active,2023-05-24t06:15:00.000,2023-05-24t06:15:00.000,2023-05-24 06:29:00,14,Shoulder hour flights
af5199,air france,active,2023-05-24t06:20:00.000,2023-05-24t06:20:00.000,2023-05-24 06:31:00,11,Shoulder hour flights
az3737,alitalia,active,2023-05-24t06:20:00.000,2023-05-24t06:20:00.000,2023-05-24 06:31:00,11,Shoulder hour flights
dl9422,delta air lines,active,2023-05-24t06:20:00.000,2023-05-24t06:20:00.000,2023-05-24 06:31:00,11,Shoulder hour flights
ey7330,etihad airways,active,2023-05-24t06:20:00.000,2023-05-24t06:20:00.000,2023-05-24 06:31:00,11,Shoulder hour flights
g35535,gol,active,2023-05-24t06:20:00.000,2023-05-24t06:20:00.000,2023-05-24 06:31:00,11,Shoulder hour flights
kq1046,kenya airways,active,2023-05-24t06:20:00.000,2023-05-24t06:20:00.000,2023-05-24 06:31:00,11,Shoulder hour flights
vs6854,virgin atlantic,active,2023-05-24t06:20:00.000,2023-05-24t06:20:00.000,2023-05-24 06:31:00,11,Shoulder hour flights
kl1046,klm,active,2023-05-24t06:20:00.000,2023-05-24t06:20:00.000,2023-05-24 06:31:00,11,Shoulder hour flights
u22811,easyjet,active,2023-05-24t06:25:00.000,2023-05-24t06:59:00.000,2023-05-24 06:51:00,27,Shoulder hour flights
fr505,ryanair,active,2023-05-24t06:50:00.000,2023-05-24t07:05:00.000,2023-05-24 06:58:00,9,Shoulder hour flights
u2237,easyjet,active,2023-05-24t06:55:00.000,2023-05-24t06:55:00.000,2023-05-24 06:56:00,2,Shoulder hour flights
fr505,ryanair,active,2023-05-25t05:55:00.000,2023-05-25t05:55:00.000,2023-05-25 06:00:00,5,Shoulder hour flights
fr4121,ryanair,active,2023-05-25t05:55:00.000,2023-05-25t05:55:00.000,2023-05-25 06:02:00,8,Shoulder hour flights
ls1819,jet2,active,2023-05-25t06:00:00.000,2023-05-25t06:00:00.000,2023-05-25 06:17:00,17,Shoulder hour flights
x36406,tuifly,active,2023-05-25t06:00:00.000,2023-05-25t06:05:00.000,2023-05-25 06:06:00,7,Shoulder hour flights
x36482,tuifly,active,2023-05-25t06:00:00.000,2023-05-25t06:07:00.000,2023-05-25 06:13:00,13,Shoulder hour flights
u22709,easyjet,active,2023-05-25t06:00:00.000,2023-05-25t06:13:00.000,2023-05-25 06:22:00,23,Shoulder hour flights
u22715,easyjet,active,2023-05-25t06:00:00.000,2023-05-25t06:00:00.000,2023-05-25 06:19:00,20,Shoulder hour flights
u22891,easyjet,active,2023-05-25t06:00:00.000,2023-05-25t06:12:00.000,2023-05-25 06:32:00,32,Shoulder hour flights
u22731,easyjet,active,2023-05-25t06:05:00.000,2023-05-25t06:05:00.000,2023-05-25 06:34:00,29,Shoulder hour flights
u22843,easyjet,active,2023-05-25t06:10:00.000,2023-05-25t06:11:00.000,2023-05-25 06:36:00,26,Shoulder hour flights
ls1877,jet2,active,2023-05-25t06:15:00.000,2023-05-25t06:15:00.000,2023-05-25 06:25:00,11,Shoulder hour flights
u22702,easyjet,active,2023-05-25t06:15:00.000,2023-05-25t06:15:00.000,2023-05-25 06:47:00,32,Shoulder hour flights
u22837,easyjet,active,2023-05-25t06:15:00.000,2023-05-25t06:27:00.000,2023-05-25 06:39:00,25,Shoulder hour flights
af5199,air france,active,2023-05-25t06:20:00.000,2023-05-25t06:33:00.000,2023-05-25 06:42:00,22,Shoulder hour flights
az3737,alitalia,active,2023-05-25t06:20:00.000,2023-05-25t06:33:00.000,2023-05-25 06:42:00,22,Shoulder hour flights
dl9422,delta air lines,active,2023-05-25t06:20:00.000,2023-05-25t06:33:00.000,2023-05-25 06:42:00,22,Shoulder hour flights
ey7330,etihad airways,active,2023-05-25t06:20:00.000,2023-05-25t06:33:00.000,2023-05-25 06:42:00,22,Shoulder hour flights
g35535,gol,active,2023-05-25t06:20:00.000,2023-05-25t06:33:00.000,2023-05-25 06:42:00,22,Shoulder hour flights
kq1046,kenya airways,active,2023-05-25t06:20:00.000,2023-05-25t06:33:00.000,2023-05-25 06:42:00,22,Shoulder hour flights
vs6854,virgin atlantic,active,2023-05-25t06:20:00.000,2023-05-25t06:33:00.000,2023-05-25 06:42:00,22,Shoulder hour flights
kl1046,klm,active,2023-05-25t06:20:00.000,2023-05-25t06:33:00.000,2023-05-25 06:42:00,22,Shoulder hour flights
ls1821,jet2,active,2023-05-25t06:25:00.000,2023-05-25t06:35:00.000,2023-05-25 06:45:00,20,Shoulder hour flights
ls1897,jet2,active,2023-05-25t06:25:00.000,2023-05-25t06:35:00.000,2023-05-25 06:52:00,28,Shoulder hour flights
ls1815,jet2,active,2023-05-26t05:40:00.000,2023-05-26t05:40:00.000,2023-05-26 05:43:00,3,Night hour departures
fr505,ryanair,active,2023-05-26t05:55:00.000,2023-05-26t05:55:00.000,2023-05-26 06:17:00,22,Shoulder hour flights
ls1885,jet2,active,2023-05-26t05:55:00.000,2023-05-26t05:43:00.000,2023-05-26 06:07:00,12,Shoulder hour flights
x36512,tuifly,active,2023-05-26t06:00:00.000,2023-05-26t06:00:00.000,2023-05-26 06:10:00,10,Shoulder hour flights
u22709,easyjet,active,2023-05-26t06:00:00.000,2023-05-26t06:00:00.000,2023-05-26 06:19:00,19,Shoulder hour flights
u22715,easyjet,active,2023-05-26t06:00:00.000,2023-05-26t06:00:00.000,2023-05-26 06:12:00,13,Shoulder hour flights
u22845,easyjet,active,2023-05-26t06:00:00.000,2023-05-26t06:00:00.000,2023-05-26 06:14:00,15,Shoulder hour flights
u22731,easyjet,active,2023-05-26t06:05:00.000,2023-05-26t06:05:00.000,2023-05-26 06:33:00,29,Shoulder hour flights
u22805,easyjet,active,2023-05-26t06:10:00.000,2023-05-26t06:22:00.000,2023-05-26 06:24:00,15,Shoulder hour flights
ls1871,jet2,active,2023-05-26t06:15:00.000,2023-05-26t06:15:00.000,2023-05-26 06:21:00,6,Shoulder hour flights
af5199,air france,active,2023-05-26t06:20:00.000,2023-05-26t06:27:00.000,2023-05-26 06:52:00,33,Shoulder hour flights
az3737,alitalia,active,2023-05-26t06:20:00.000,2023-05-26t06:27:00.000,2023-05-26 06:52:00,33,Shoulder hour flights
dl9422,delta air lines,active,2023-05-26t06:20:00.000,2023-05-26t06:27:00.000,2023-05-26 06:52:00,33,Shoulder hour flights
ey7330,etihad airways,active,2023-05-26t06:20:00.000,2023-05-26t06:27:00.000,2023-05-26 06:52:00,33,Shoulder hour flights
g35535,gol,active,2023-05-26t06:20:00.000,2023-05-26t06:27:00.000,2023-05-26 06:52:00,33,Shoulder hour flights
kq1046,kenya airways,active,2023-05-26t06:20:00.000,2023-05-26t06:27:00.000,2023-05-26 06:52:00,33,Shoulder hour flights
vs6854,virgin atlantic,active,2023-05-26t06:20:00.000,2023-05-26t06:27:00.000,2023-05-26 06:52:00,33,Shoulder hour flights
kl1046,klm,active,2023-05-26t06:20:00.000,2023-05-26t06:27:00.000,2023-05-26 06:52:00,33,Shoulder hour flights
ls1805,jet2,active,2023-05-26t06:25:00.000,2023-05-26t06:35:00.000,2023-05-26 06:40:00,15,Shoulder hour flights
x36558,tuifly,active,2023-05-26t06:35:00.000,2023-05-26t06:36:00.000,2023-05-26 06:58:00,23,Shoulder hour flights
fr1941,ryanair,active,2023-05-26t06:40:00.000,2023-05-26t06:42:00.000,2023-05-26 06:50:00,11,Shoulder hour flights
x36534,tuifly,active,2023-05-26t06:40:00.000,2023-05-26t06:40:00.000,2023-05-26 06:55:00,16,Shoulder hour flights
u22837,easyjet,active,2023-05-27t05:55:00.000,2023-05-27t06:05:00.000,2023-05-27 06:20:00,26,Shoulder hour flights
u22715,easyjet,active,2023-05-27t06:00:00.000,2023-05-27t06:14:00.000,2023-05-27 06:22:00,23,Shoulder hour flights
ls1827,jet2,active,2023-05-27t06:05:00.000,2023-05-27t06:15:00.000,2023-05-27 06:25:00,20,Shoulder hour flights
ls1829,jet2,active,2023-05-27t06:05:00.000,2023-05-27t06:15:00.000,2023-05-27 06:16:00,12,Shoulder hour flights
x36672,tuifly,active,2023-05-27t06:05:00.000,2023-05-27t06:15:00.000,2023-05-27 06:27:00,23,Shoulder hour flights
u22721,easyjet,active,2023-05-27t06:10:00.000,2023-05-27t06:15:00.000,2023-05-27 06:30:00,20,Shoulder hour flights
u22731,easyjet,active,2023-05-27t06:10:00.000,2023-05-27t06:10:00.000,2023-05-27 06:32:00,22,Shoulder hour flights
u22921,easyjet,active,2023-05-27t06:10:00.000,2023-05-27t06:24:00.000,2023-05-27 06:37:00,27,Shoulder hour flights
ls1821,jet2,active,2023-05-27t06:15:00.000,2023-05-27t06:25:00.000,2023-05-27 06:34:00,20,Shoulder hour flights
af5199,air france,active,2023-05-27t06:20:00.000,2023-05-27t06:30:00.000,2023-05-27 06:43:00,23,Shoulder hour flights
az3737,alitalia,active,2023-05-27t06:20:00.000,2023-05-27t06:30:00.000,2023-05-27 06:43:00,23,Shoulder hour flights
dl9422,delta air lines,active,2023-05-27t06:20:00.000,2023-05-27t06:30:00.000,2023-05-27 06:43:00,23,Shoulder hour flights
ey7330,etihad airways,active,2023-05-27t06:20:00.000,2023-05-27t06:30:00.000,2023-05-27 06:43:00,23,Shoulder hour flights
g35535,gol,active,2023-05-27t06:20:00.000,2023-05-27t06:30:00.000,2023-05-27 06:43:00,23,Shoulder hour flights
kq1046,kenya airways,active,2023-05-27t06:20:00.000,2023-05-27t06:30:00.000,2023-05-27 06:43:00,23,Shoulder hour flights
vs6854,virgin atlantic,active,2023-05-27t06:20:00.000,2023-05-27t06:30:00.000,2023-05-27 06:43:00,23,Shoulder hour flights
kl1046,klm,active,2023-05-27t06:20:00.000,2023-05-27t06:30:00.000,2023-05-27 06:43:00,23,Shoulder hour flights
x36680,tuifly,active,2023-05-27t06:20:00.000,2023-05-27t06:00:00.000,2023-05-27 06:04:00,0,Shoulder hour flights
u22733,easyjet,active,2023-05-27t06:20:00.000,2023-05-27t06:34:00.000,2023-05-27 06:45:00,25,Shoulder hour flights
fr505,ryanair,active,2023-05-27t06:25:00.000,2023-05-27t06:25:00.000,2023-05-27 06:50:00,26,Shoulder hour flights
u22883,easyjet,active,2023-05-27t06:30:00.000,2023-05-27t06:30:00.000,2023-05-27 06:47:00,18,Shoulder hour flights
ls1805,jet2,active,2023-05-27t06:55:00.000,2023-05-27t06:55:00.000,2023-05-27 06:58:00,3,Shoulder hour flights
x3696,tuifly,active,2023-05-27t06:15:00.000,2023-05-27t06:25:00.000,2023-05-27 06:41:00,26,Shoulder hour flights
fr8202,ryanair,active,2023-05-28t05:55:00.000,2023-05-28t05:55:00.000,2023-05-28 06:00:00,5,Shoulder hour flights
x36710,tuifly,active,2023-05-28t06:00:00.000,2023-05-28t06:00:00.000,2023-05-28 06:23:00,23,Shoulder hour flights
x36774,tuifly,active,2023-05-28t06:00:00.000,2023-05-28t06:10:00.000,2023-05-28 06:15:00,16,Shoulder hour flights
u22815,easyjet,active,2023-05-28t06:00:00.000,2023-05-28t06:00:00.000,2023-05-28 06:18:00,19,Shoulder hour flights
u22853,easyjet,active,2023-05-28t06:00:00.000,2023-05-28t06:10:00.000,2023-05-28 06:20:00,21,Shoulder hour flights
u22891,easyjet,active,2023-05-28t06:10:00.000,2023-05-28t06:20:00.000,2023-05-28 06:29:00,20,Shoulder hour flights
ls1815,jet2,active,2023-05-28t06:15:00.000,2023-05-28t06:17:00.000,2023-05-28 06:25:00,10,Shoulder hour flights
ls1871,jet2,active,2023-05-28t06:15:00.000,2023-05-28t06:15:00.000,2023-05-28 06:36:00,21,Shoulder hour flights
u22702,easyjet,active,2023-05-28t06:15:00.000,2023-05-28t06:39:00.000,2023-05-28 06:46:00,31,Shoulder hour flights
u22715,easyjet,active,2023-05-28t06:15:00.000,2023-05-28t06:24:00.000,2023-05-28 06:33:00,19,Shoulder hour flights
u22731,easyjet,active,2023-05-28t06:15:00.000,2023-05-28t06:15:00.000,2023-05-28 06:27:00,13,Shoulder hour flights
ls1839,jet2,active,2023-05-28t06:30:00.000,2023-05-28t06:40:00.000,2023-05-28 06:44:00,14,Shoulder hour flights
x36770,tuifly,active,2023-05-28t06:30:00.000,2023-05-28t06:30:00.000,2023-05-28 06:38:00,9,Shoulder hour flights
u22821,easyjet,active,2023-05-28t06:35:00.000,2023-05-28t06:35:00.000,2023-05-28 06:57:00,22,Shoulder hour flights
u22841,easyjet,active,2023-05-28t06:35:00.000,2023-05-28t06:35:00.000,2023-05-28 06:53:00,18,Shoulder hour flights
u22839,easyjet,active,2023-05-28t06:45:00.000,2023-05-28t06:45:00.000,2023-05-28 06:59:00,15,Shoulder hour flights
x3736,tuifly,active,2023-05-28t06:00:00.000,2023-05-28t06:10:00.000,2023-05-28 06:08:00,9,Shoulder hour flights
fr4440,ryanair,active,2023-05-29t05:55:00.000,2023-05-29t05:55:00.000,2023-05-29 06:16:00,21,Shoulder hour flights
x36114,tuifly,active,2023-05-29t06:00:00.000,2023-05-29t06:00:00.000,2023-05-29 06:09:00,9,Shoulder hour flights
x36148,tuifly,active,2023-05-29t06:00:00.000,2023-05-29t06:00:00.000,2023-05-29 06:03:00,3,Shoulder hour flights
u22715,easyjet,active,2023-05-29t06:00:00.000,2023-05-29t06:00:00.000,2023-05-29 06:24:00,24,Shoulder hour flights
u22709,easyjet,active,2023-05-29t06:00:00.000,2023-05-29t06:00:00.000,2023-05-29 06:13:00,14,Shoulder hour flights
u22845,easyjet,active,2023-05-29t06:00:00.000,2023-05-29t06:00:00.000,2023-05-29 06:05:00,5,Shoulder hour flights
u22891,easyjet,active,2023-05-29t06:05:00.000,2023-05-29t06:15:00.000,2023-05-29 06:11:00,7,Shoulder hour flights
x36120,tuifly,active,2023-05-29t06:10:00.000,2023-05-29t06:10:00.000,2023-05-29 06:19:00,10,Shoulder hour flights
u22805,easyjet,active,2023-05-29t06:10:00.000,2023-05-29t06:10:00.000,2023-05-29 06:29:00,19,Shoulder hour flights
u2223,easyjet,active,2023-05-29t06:15:00.000,2023-05-29t06:15:00.000,2023-05-29 06:22:00,7,Shoulder hour flights
x36150,tuifly,active,2023-05-29t06:30:00.000,2023-05-29t06:30:00.000,2023-05-29 06:31:00,1,Shoulder hour flights
ls1805,jet2,active,2023-05-29t06:40:00.000,2023-05-29t06:40:00.000,2023-05-29 06:47:00,7,Shoulder hour flights
ls1821,jet2,active,2023-05-29t06:45:00.000,2023-05-29t06:45:00.000,2023-05-29 06:50:00,5,Shoulder hour flights
u2261,easyjet,active,2023-05-29t07:00:00.000,2023-05-29t07:00:00.000,2023-05-29 06:56:00,0,Shoulder hour flights
x36212,tuifly,active,2023-05-30t06:00:00.000,2023-05-30t06:00:00.000,2023-05-30 06:10:00,10,Shoulder hour flights
x36254,tuifly,active,2023-05-30t06:00:00.000,2023-05-30t06:00:00.000,2023-05-30 06:04:00,5,Shoulder hour flights
u22715,easyjet,active,2023-05-30t06:00:00.000,2023-05-30t06:14:00.000,2023-05-30 06:16:00,17,Shoulder hour flights
u22709,easyjet,active,2023-05-30t06:00:00.000,2023-05-30t06:00:00.000,2023-05-30 06:15:00,15,Shoulder hour flights
ls1891,jet2,active,2023-05-30t06:05:00.000,2023-05-30t06:05:00.000,2023-05-30 06:12:00,8,Shoulder hour flights
u22733,easyjet,active,2023-05-30t06:10:00.000,2023-05-30t06:44:00.000,2023-05-30 06:46:00,37,Shoulder hour flights
u22765,easyjet,active,2023-05-30t06:10:00.000,2023-05-30t06:10:00.000,2023-05-30 06:19:00,10,Shoulder hour flights
u22891,easyjet,active,2023-05-30t06:10:00.000,2023-05-30t06:10:00.000,2023-05-30 06:51:00,41,Shoulder hour flights
fr505,ryanair,active,2023-05-30t06:15:00.000,2023-05-30t06:15:00.000,2023-05-30 06:38:00,24,Shoulder hour flights
ls1821,jet2,active,2023-05-30t06:15:00.000,2023-05-30t06:15:00.000,2023-05-30 06:25:00,10,Shoulder hour flights
u22731,easyjet,active,2023-05-30t06:15:00.000,2023-05-30t06:15:00.000,2023-05-30 06:42:00,28,Shoulder hour flights
u22837,easyjet,active,2023-05-30t06:15:00.000,2023-05-30t06:19:00.000,2023-05-30 06:44:00,30,Shoulder hour flights
u22843,easyjet,active,2023-05-30t06:15:00.000,2023-05-30t06:23:00.000,2023-05-30 06:40:00,26,Shoulder hour flights
af5199,air france,active,2023-05-30t06:20:00.000,2023-05-30t06:45:00.000,2023-05-30 06:48:00,29,Shoulder hour flights
az3737,alitalia,active,2023-05-30t06:20:00.000,2023-05-30t06:45:00.000,2023-05-30 06:48:00,29,Shoulder hour flights
dl9422,delta air lines,active,2023-05-30t06:20:00.000,2023-05-30t06:45:00.000,2023-05-30 06:48:00,29,Shoulder hour flights
ey7330,etihad airways,active,2023-05-30t06:20:00.000,2023-05-30t06:45:00.000,2023-05-30 06:48:00,29,Shoulder hour flights
g35535,gol,active,2023-05-30t06:20:00.000,2023-05-30t06:45:00.000,2023-05-30 06:48:00,29,Shoulder hour flights
kq1046,kenya airways,active,2023-05-30t06:20:00.000,2023-05-30t06:45:00.000,2023-05-30 06:48:00,29,Shoulder hour flights
vs6854,virgin atlantic,active,2023-05-30t06:20:00.000,2023-05-30t06:45:00.000,2023-05-30 06:48:00,29,Shoulder hour flights
kl1046,klm,active,2023-05-30t06:20:00.000,2023-05-30t06:45:00.000,2023-05-30 06:48:00,29,Shoulder hour flights
ls1817,jet2,active,2023-05-30t06:30:00.000,2023-05-30t06:58:00.000,2023-05-30 06:36:00,7,Shoulder hour flights
x36230,tuifly,active,2023-05-30t06:35:00.000,2023-05-30t06:35:00.000,2023-05-30 06:53:00,18,Shoulder hour flights
ls1895,jet2,active,2023-05-31t05:55:00.000,2023-05-31t05:55:00.000,2023-05-31 05:59:00,5,Night hour departures
ls1815,jet2,active,2023-05-31t06:00:00.000,2023-05-31t06:10:00.000,2023-05-31 06:17:00,17,Shoulder hour flights
u22709,easyjet,active,2023-05-31t06:00:00.000,2023-05-31t06:00:00.000,2023-05-31 06:08:00,8,Shoulder hour flights
u22715,easyjet,active,2023-05-31t06:00:00.000,2023-05-31t06:14:00.000,2023-05-31 06:22:00,23,Shoulder hour flights
u22815,easyjet,active,2023-05-31t06:00:00.000,2023-05-31t06:00:00.000,2023-05-31 06:29:00,30,Shoulder hour flights
u22731,easyjet,active,2023-05-31t06:05:00.000,2023-05-31t06:19:00.000,2023-05-31 06:36:00,31,Shoulder hour flights
ls1891,jet2,active,2023-05-31t06:10:00.000,2023-05-31t06:20:00.000,2023-05-31 06:33:00,24,Shoulder hour flights
x36376,tuifly,active,2023-05-31t06:10:00.000,2023-05-31t06:10:00.000,2023-05-31 06:20:00,11,Shoulder hour flights
u22893,easyjet,active,2023-05-31t06:10:00.000,2023-05-31t06:24:00.000,2023-05-31 06:31:00,22,Shoulder hour flights
x36362,tuifly,active,2023-05-31t06:25:00.000,2023-05-31t06:25:00.000,2023-05-31 06:50:00,25,Shoulder hour flights
u22811,easyjet,active,2023-05-31t06:25:00.000,2023-05-31t06:25:00.000,2023-05-31 06:58:00,34,Shoulder hour flights
fr505,ryanair,active,2023-05-31t06:50:00.000,2023-05-31t06:50:00.000,2023-05-31 06:56:00,6,Shoulder hour flights
u29045,easyjet,active,2023-05-31t06:05:00.000,2023-05-31t06:19:00.000,2023-05-31 06:43:00,38,Shoulder hour flights
