_id,Actual Time,Document Index (generated),icaoCode,Status,to icaoCode,Type
65e23e257a25c1a92386b24e,2023-06-01t01:23:00.000,1,lclk,landed,eggd,arrival
65e23e257a25c1a92386b24f,2023-06-01t01:53:00.000,2,leal,landed,eggd,arrival
65e23e257a25c1a92386b250,2023-06-01t01:31:00.000,3,ltai,landed,eggd,arrival
65e23e257a25c1a92386b251,2023-06-01t01:35:00.000,4,lcph,landed,eggd,arrival
65e23e257a25c1a92386b252,2023-06-01t02:10:00.000,5,hesh,landed,eggd,arrival
65e23e257a25c1a92386b253,2023-06-01t01:05:00.000,6,gclp,landed,eggd,arrival
65e23e257a25c1a92386b254,2023-06-01t01:28:00.000,7,ltbs,landed,eggd,arrival
65e23e257a25c1a92386b255,2023-06-01t02:41:00.000,8,ltai,landed,eggd,arrival
65e23e257a25c1a92386b256,2023-06-01t02:13:00.000,9,lgko,landed,eggd,arrival
65e23e257a25c1a92386b257,2023-06-01t23:32:00.000,10,lemd,landed,eggd,arrival
65e23e257a25c1a92386b258,2023-06-01t23:46:00.000,11,gcrr,landed,eggd,arrival
65e23e257a25c1a92386b259,2023-06-02t00:17:00.000,12,lgsk,landed,eggd,arrival
65e23e257a25c1a92386b25a,2023-06-02t00:29:00.000,13,ltbs,landed,eggd,arrival
65e23e257a25c1a92386b25b,2023-06-02t00:01:00.000,14,ltfe,landed,eggd,arrival
65e23e257a25c1a92386b25c,2023-06-02t00:23:00.000,15,lgir,landed,eggd,arrival
65e23e257a25c1a92386b25d,2023-06-02t00:32:00.000,16,lepa,landed,eggd,arrival
65e23e257a25c1a92386b25e,2023-06-02t00:42:00.000,17,gcrr,landed,eggd,arrival
65e23e257a25c1a92386b25f,2023-06-02t00:59:00.000,18,lpfr,landed,eggd,arrival
65e23e257a25c1a92386b260,2023-06-02t01:23:00.000,19,ltai,landed,eggd,arrival
65e23e257a25c1a92386b261,2023-06-02t01:13:00.000,20,gclp,landed,eggd,arrival
65e23e257a25c1a92386b262,2023-06-02t02:32:00.000,21,ltai,landed,eggd,arrival
65e23e257a25c1a92386b263,2023-06-02t03:23:00.000,22,lclk,landed,eggd,arrival
65e23e257a25c1a92386b264,2023-06-03t00:11:00.000,23,leal,landed,eggd,arrival
65e23e257a25c1a92386b265,2023-06-02t23:47:00.000,24,ltai,landed,eggd,arrival
65e23e257a25c1a92386b266,2023-06-03t00:09:00.000,25,lgrp,landed,eggd,arrival
65e23e257a25c1a92386b267,2023-06-03t00:14:00.000,26,ltbs,landed,eggd,arrival
65e23e257a25c1a92386b268,2023-06-03t00:23:00.000,27,lemg,landed,eggd,arrival
65e23e257a25c1a92386b269,2023-06-03t00:05:00.000,28,gcts,landed,eggd,arrival
65e23e257a25c1a92386b26a,2023-06-03t01:55:00.000,29,ltbs,landed,eggd,arrival
65e23e257a25c1a92386b26b,2023-06-03t02:39:00.000,30,ltbs,landed,eggd,arrival
65e23e257a25c1a92386b26c,2023-06-03t03:52:00.000,31,hegn,landed,eggd,arrival
65e23e257a25c1a92386b26d,2023-06-03t23:34:00.000,32,gcfv,landed,eggd,arrival
65e23e257a25c1a92386b26e,2023-06-03t23:51:00.000,33,lepa,landed,eggd,arrival
65e23e257a25c1a92386b26f,2023-06-03t23:31:00.000,34,ltbs,landed,eggd,arrival
65e23e257a25c1a92386b270,2023-06-04t00:01:00.000,35,gcfv,landed,eggd,arrival
65e23e257a25c1a92386b271,2023-06-04t00:04:00.000,36,leal,landed,eggd,arrival
65e23e257a25c1a92386b272,2023-06-04t00:37:00.000,37,leib,landed,eggd,arrival
65e23e257a25c1a92386b273,2023-06-04t00:57:00.000,38,lgrp,landed,eggd,arrival
65e23e257a25c1a92386b274,2023-06-04t01:21:00.000,39,lpfr,landed,eggd,arrival
65e23e257a25c1a92386b275,2023-06-04t01:14:00.000,40,lcph,landed,eggd,arrival
65e23e257a25c1a92386b276,2023-06-04t00:46:00.000,41,gclp,landed,eggd,arrival
65e23e257a25c1a92386b277,2023-06-04t01:24:00.000,42,hesh,landed,eggd,arrival
65e23e257a25c1a92386b278,2023-06-04t01:34:00.000,43,leal,landed,eggd,arrival
65e23e257a25c1a92386b279,2023-06-04t01:54:00.000,44,lgrp,landed,eggd,arrival
65e23e257a25c1a92386b27a,2023-06-04t02:13:00.000,45,hegn,landed,eggd,arrival
65e23e257a25c1a92386b27b,2023-06-04t23:41:00.000,46,lgko,landed,eggd,arrival
65e23e257a25c1a92386b27c,2023-06-04t23:47:00.000,47,ltfe,landed,eggd,arrival
65e23e257a25c1a92386b27d,2023-06-05t00:04:00.000,48,lgkf,landed,eggd,arrival
65e23e257a25c1a92386b27e,2023-06-04t23:35:00.000,49,gcrr,landed,eggd,arrival
65e23e257a25c1a92386b27f,2023-06-05t00:00:00.000,50,lebl,landed,eggd,arrival
65e23e257a25c1a92386b280,2023-06-05t00:13:00.000,51,lirf,landed,eggd,arrival
65e23e257a25c1a92386b281,2023-06-05t00:35:00.000,52,leib,landed,eggd,arrival
65e23e257a25c1a92386b282,2023-06-05t00:31:00.000,53,gcrr,landed,eggd,arrival
65e23e257a25c1a92386b283,2023-06-05t00:58:00.000,54,lcph,landed,eggd,arrival
65e23e257a25c1a92386b284,2023-06-05t01:01:00.000,55,gcts,landed,eggd,arrival
65e23e257a25c1a92386b285,2023-06-02t05:49:00.000,56,lgkr,active,eggd,departure
65e23e257a25c1a92386b286,2023-06-05t01:53:00.000,57,ltai,landed,eggd,arrival
65e23e257a25c1a92386b287,2023-06-05t02:02:00.000,58,lgav,landed,eggd,arrival
65e23e257a25c1a92386b288,2023-06-05t01:28:00.000,59,leal,landed,eggd,arrival
65e23e257a25c1a92386b289,2023-06-05t02:22:00.000,60,ltbs,landed,eggd,arrival
65e23e257a25c1a92386b28a,2023-06-05t02:15:00.000,61,hesh,landed,eggd,arrival
65e23e257a25c1a92386b28b,2023-06-05t04:02:00.000,62,lclk,landed,eggd,arrival
65e23e257a25c1a92386b28c,2023-06-05t23:36:00.000,63,lkpr,landed,eggd,arrival
65e23e257a25c1a92386b28d,2023-06-05t23:32:00.000,64,gclp,landed,eggd,arrival
65e23e257a25c1a92386b28e,2023-06-06t00:02:00.000,65,lebl,landed,eggd,arrival
65e23e257a25c1a92386b28f,2023-06-06t00:14:00.000,66,ltai,landed,eggd,arrival
65e23e257a25c1a92386b290,2023-06-05t23:57:00.000,67,ltbs,landed,eggd,arrival
65e23e257a25c1a92386b291,2023-06-06t00:30:00.000,68,lmml,landed,eggd,arrival
65e23e257a25c1a92386b292,2023-06-06t00:42:00.000,69,dtnh,landed,eggd,arrival
65e23e257a25c1a92386b293,2023-06-06t00:59:00.000,70,lpfr,landed,eggd,arrival
65e23e257a25c1a92386b294,2023-06-06t01:24:00.000,71,leib,landed,eggd,arrival
65e23e257a25c1a92386b295,2023-06-06t01:18:00.000,72,lgkr,landed,eggd,arrival
65e23e257a25c1a92386b296,2023-06-06t01:46:00.000,73,leal,landed,eggd,arrival
65e23e257a25c1a92386b297,2023-06-06t02:22:00.000,74,gclp,landed,eggd,arrival
65e23e257a25c1a92386b298,2023-06-06t02:57:00.000,75,hegn,landed,eggd,arrival
65e23e257a25c1a92386b299,2023-06-06t02:48:00.000,76,ltbs,landed,eggd,arrival
65e23e257a25c1a92386b29a,2023-06-06t23:42:00.000,77,ltbs,landed,eggd,arrival
65e23e257a25c1a92386b29b,2023-06-07t01:07:00.000,78,lfmn,landed,eggd,arrival
65e23e257a25c1a92386b29c,2023-06-07t00:54:00.000,79,lpfr,landed,eggd,arrival
65e23e257a25c1a92386b29d,2023-06-07t01:46:00.000,80,hesh,landed,eggd,arrival
65e23e257a25c1a92386b29e,2023-06-07t01:54:00.000,81,leal,landed,eggd,arrival
65e23e257a25c1a92386b29f,2023-06-07t01:12:00.000,82,ltfe,landed,eggd,arrival
65e23e257a25c1a92386b2a0,2023-06-07t01:38:00.000,83,lgrp,landed,eggd,arrival
65e23e257a25c1a92386b2a1,2023-06-07t01:36:00.000,84,gcts,landed,eggd,arrival
65e23e257a25c1a92386b2a2,2023-06-07t02:29:00.000,85,hegn,landed,eggd,arrival
65e23e257a25c1a92386b2a3,2023-06-07t02:54:00.000,86,gvac,landed,eggd,arrival
65e23e257a25c1a92386b2a4,2023-06-07t23:43:00.000,87,egph,landed,eggd,arrival
65e23e257a25c1a92386b2a5,2023-06-07t23:55:00.000,88,eddk,landed,eggd,arrival
65e23e257a25c1a92386b2a6,2023-06-07t23:49:00.000,89,lime,landed,eggd,arrival
65e23e257a25c1a92386b2a7,2023-06-08t00:06:00.000,90,lebl,landed,eggd,arrival
65e23e257a25c1a92386b2a8,2023-06-07t23:45:00.000,91,lemg,landed,eggd,arrival
65e23e257a25c1a92386b2a9,2023-06-08t00:40:00.000,92,lgkf,landed,eggd,arrival
65e23e257a25c1a92386b2aa,2023-06-08t01:23:00.000,93,lpfr,landed,eggd,arrival
65e23e257a25c1a92386b2ab,2023-06-08t00:55:00.000,94,lclk,landed,eggd,arrival
65e23e257a25c1a92386b2ac,2023-06-08t01:50:00.000,95,leal,landed,eggd,arrival
65e23e257a25c1a92386b2ad,2023-06-08t01:26:00.000,96,ltai,landed,eggd,arrival
65e23e257a25c1a92386b2ae,2023-06-08t01:29:00.000,97,lcph,landed,eggd,arrival
65e23e257a25c1a92386b2af,2023-06-08t01:21:00.000,98,hesh,landed,eggd,arrival
65e23e257a25c1a92386b2b0,2023-06-08t01:44:00.000,99,gclp,landed,eggd,arrival
65e23e257a25c1a92386b2b1,2023-06-08t02:23:00.000,100,ltbs,landed,eggd,arrival
65e23e257a25c1a92386b2b2,2023-06-08t02:06:00.000,101,lgav,landed,eggd,arrival
65e23e257a25c1a92386b2b3,2023-06-08t02:27:00.000,102,lgko,landed,eggd,arrival
65e23e257a25c1a92386b2b4,2023-06-08t23:52:00.000,103,egpf,landed,eggd,arrival
65e23e257a25c1a92386b2b5,2023-06-09t00:09:00.000,104,lipz,landed,eggd,arrival
65e23e257a25c1a92386b2b6,2023-06-08t23:32:00.000,105,leal,landed,eggd,arrival
65e23e257a25c1a92386b2b7,2023-06-09t00:05:00.000,106,ltbs,landed,eggd,arrival
65e23e257a25c1a92386b2b8,2023-06-09t00:13:00.000,107,lgir,landed,eggd,arrival
65e23e257a25c1a92386b2b9,2023-06-09t00:25:00.000,108,lepa,landed,eggd,arrival
65e23e257a25c1a92386b2ba,2023-06-09t00:59:00.000,109,lpfr,landed,eggd,arrival
65e23e257a25c1a92386b2bb,2023-06-09t01:42:00.000,110,ltai,landed,eggd,arrival
65e23e257a25c1a92386b2bc,2023-06-09t01:32:00.000,111,gclp,landed,eggd,arrival
65e23e257a25c1a92386b2bd,2023-06-09t02:36:00.000,112,ltfe,landed,eggd,arrival
65e23e257a25c1a92386b2be,2023-06-09t02:33:00.000,113,ltai,landed,eggd,arrival
65e23e257a25c1a92386b2bf,2023-06-09t03:31:00.000,114,lclk,landed,eggd,arrival
65e23e257a25c1a92386b2c0,2023-06-09t23:35:00.000,115,eham,landed,eggd,arrival
65e23e257a25c1a92386b2c1,2023-06-09t23:35:00.000,116,eham,landed,eggd,arrival
65e23e257a25c1a92386b2c2,2023-06-09t23:35:00.000,117,eham,landed,eggd,arrival
65e23e257a25c1a92386b2c3,2023-06-09t23:52:00.000,118,ltai,landed,eggd,arrival
65e23e257a25c1a92386b2c4,2023-06-09t23:38:00.000,119,lclk,landed,eggd,arrival
65e23e257a25c1a92386b2c5,2023-06-09t23:55:00.000,120,lemd,landed,eggd,arrival
65e23e257a25c1a92386b2c6,2023-06-10t00:28:00.000,121,gcts,landed,eggd,arrival
65e23e257a25c1a92386b2c7,2023-06-10t01:43:00.000,122,lgkr,landed,eggd,arrival
65e23e257a25c1a92386b2c8,2023-06-10t01:00:00.000,123,lgmk,landed,eggd,arrival
65e23e257a25c1a92386b2c9,2023-06-10t01:20:00.000,124,lpfr,landed,eggd,arrival
65e23e257a25c1a92386b2ca,2023-06-10t01:36:00.000,125,leal,landed,eggd,arrival
65e23e257a25c1a92386b2cb,2023-06-10t02:26:00.000,126,ltbs,landed,eggd,arrival
65e23e257a25c1a92386b2cc,2023-06-10t03:36:00.000,127,hegn,landed,eggd,arrival
65e23e257a25c1a92386b2cd,2023-06-11t00:03:00.000,128,ltbs,landed,eggd,arrival
65e23e257a25c1a92386b2ce,2023-06-11t00:19:00.000,129,lege,landed,eggd,arrival
65e23e257a25c1a92386b2cf,2023-06-10t23:48:00.000,130,gcfv,landed,eggd,arrival
65e23e257a25c1a92386b2d0,2023-06-10t23:44:00.000,131,leal,landed,eggd,arrival
65e23e257a25c1a92386b2d1,2023-06-11t00:49:00.000,132,lgkf,landed,eggd,arrival
65e23e257a25c1a92386b2d2,2023-06-11t01:16:00.000,133,lgrp,landed,eggd,arrival
65e23e257a25c1a92386b2d3,2023-06-11t00:37:00.000,134,lpfr,landed,eggd,arrival
65e23e257a25c1a92386b2d4,2023-06-11t00:51:00.000,135,gclp,landed,eggd,arrival
65e23e257a25c1a92386b2d5,2023-06-11t01:31:00.000,136,hesh,landed,eggd,arrival
65e23e257a25c1a92386b2d6,2023-06-11t01:21:00.000,137,leal,landed,eggd,arrival
65e23e257a25c1a92386b2d7,2023-06-11t01:49:00.000,138,lgrp,landed,eggd,arrival
65e23e257a25c1a92386b2d8,2023-06-11t01:45:00.000,139,hegn,landed,eggd,arrival
65e23e257a25c1a92386b2d9,2023-06-11t02:08:00.000,140,ltbs,landed,eggd,arrival
65e23e257a25c1a92386b2da,2023-06-11t23:44:00.000,141,egnt,landed,eggd,arrival
65e23e257a25c1a92386b2db,2023-06-11t23:32:00.000,142,lgko,landed,eggd,arrival
65e23e257a25c1a92386b2dc,2023-06-12t00:00:00.000,143,gcrr,landed,eggd,arrival
65e23e257a25c1a92386b2dd,2023-06-12t00:55:00.000,144,leib,landed,eggd,arrival
65e23e257a25c1a92386b2de,2023-06-12t00:51:00.000,145,gcrr,landed,eggd,arrival
65e23e257a25c1a92386b2df,2023-06-12t01:21:00.000,146,lcph,landed,eggd,arrival
65e23e257a25c1a92386b2e0,2023-06-12t01:10:00.000,147,lpfr,landed,eggd,arrival
65e23e257a25c1a92386b2e1,2023-06-12t00:24:00.000,148,gcts,landed,eggd,arrival
65e23e257a25c1a92386b2e2,2023-06-12t02:02:00.000,149,ltai,landed,eggd,arrival
65e23e257a25c1a92386b2e3,2023-06-12t01:58:00.000,150,ltai,landed,eggd,arrival
65e23e257a25c1a92386b2e4,2023-06-12t02:39:00.000,151,hesh,landed,eggd,arrival
65e23e257a25c1a92386b2e5,2023-06-12t04:35:00.000,152,lclk,landed,eggd,arrival
65e23e257a25c1a92386b2e6,2023-06-13t00:16:00.000,153,gmmx,landed,eggd,arrival
65e23e257a25c1a92386b2e7,2023-06-13t00:31:00.000,154,lmml,landed,eggd,arrival
65e23e257a25c1a92386b2e8,2023-06-13t02:41:00.000,155,gclp,landed,eggd,arrival
65e23e257a25c1a92386b2e9,2023-06-13t23:32:00.000,156,ltbs,landed,eggd,arrival
65e23e257a25c1a92386b2ea,2023-06-13t23:53:00.000,157,egpf,landed,eggd,arrival
65e23e257a25c1a92386b2eb,2023-06-14t00:14:00.000,158,evra,landed,eggd,arrival
65e23e257a25c1a92386b2ec,2023-06-13t23:33:00.000,159,gcts,landed,eggd,arrival
65e23e257a25c1a92386b2ed,2023-06-14t00:17:00.000,160,eidw,landed,eggd,arrival
65e23e257a25c1a92386b2ee,2023-06-14t01:27:00.000,161,hesh,landed,eggd,arrival
65e23e257a25c1a92386b2ef,2023-06-14t01:35:00.000,162,leal,landed,eggd,arrival
65e23e257a25c1a92386b2f0,2023-06-14t01:40:00.000,163,lgrp,landed,eggd,arrival
65e23e257a25c1a92386b2f1,2023-06-14t01:22:00.000,164,gcts,landed,eggd,arrival
65e23e257a25c1a92386b2f2,2023-06-14t02:17:00.000,165,hegn,landed,eggd,arrival
65e23e257a25c1a92386b2f3,2023-06-14t02:02:00.000,166,ltai,landed,eggd,arrival
65e23e257a25c1a92386b2f4,2023-06-14t02:38:00.000,167,ltai,landed,eggd,arrival
65e23e257a25c1a92386b2f5,2023-06-14t02:08:00.000,168,ltbs,landed,eggd,arrival
65e23e257a25c1a92386b2f6,2023-06-14t02:41:00.000,169,gvac,landed,eggd,arrival
65e23e257a25c1a92386b2f7,2023-06-14t23:38:00.000,170,eddk,landed,eggd,arrival
65e23e257a25c1a92386b2f8,2023-06-14t23:31:00.000,171,gcfv,landed,eggd,arrival
65e23e257a25c1a92386b2f9,2023-06-15t00:00:00.000,172,lebl,landed,eggd,arrival
65e23e257a25c1a92386b2fa,2023-06-15t00:51:00.000,173,lgkf,landed,eggd,arrival
65e23e257a25c1a92386b2fb,2023-06-15t00:38:00.000,174,lgir,landed,eggd,arrival
65e23e257a25c1a92386b2fc,2023-06-15t01:01:00.000,175,lpfr,landed,eggd,arrival
65e23e257a25c1a92386b2fd,2023-06-15t01:24:00.000,176,lclk,landed,eggd,arrival
65e23e257a25c1a92386b2fe,2023-06-15t01:47:00.000,177,leal,landed,eggd,arrival
65e23e257a25c1a92386b2ff,2023-06-15t01:12:00.000,178,lcph,landed,eggd,arrival
65e23e257a25c1a92386b300,2023-06-15t01:16:00.000,179,hesh,landed,eggd,arrival
65e23e257a25c1a92386b301,2023-06-15t01:34:00.000,180,ltbs,landed,eggd,arrival
65e23e257a25c1a92386b302,2023-06-15t02:24:00.000,181,lgav,landed,eggd,arrival
65e23e257a25c1a92386b303,2023-06-15t02:40:00.000,182,ltai,landed,eggd,arrival
65e23e257a25c1a92386b304,2023-06-15t02:29:00.000,183,lgko,landed,eggd,arrival
65e23e257a25c1a92386b305,2023-06-15t23:37:00.000,184,lgko,landed,eggd,arrival
65e23e257a25c1a92386b306,2023-06-15t23:55:00.000,185,lipz,landed,eggd,arrival
65e23e257a25c1a92386b307,2023-06-15t23:46:00.000,186,lgsk,landed,eggd,arrival
65e23e257a25c1a92386b308,2023-06-15t23:59:00.000,187,ltbs,landed,eggd,arrival
65e23e257a25c1a92386b309,2023-06-16t00:10:00.000,188,ltfe,landed,eggd,arrival
65e23e257a25c1a92386b30a,2023-06-16t00:05:00.000,189,lgir,landed,eggd,arrival
65e23e257a25c1a92386b30b,2023-06-16t00:46:00.000,190,lepa,landed,eggd,arrival
65e23e257a25c1a92386b30c,2023-06-16t00:32:00.000,191,gcrr,landed,eggd,arrival
65e23e257a25c1a92386b30d,2023-06-16t01:10:00.000,192,ltai,landed,eggd,arrival
65e23e257a25c1a92386b30e,2023-06-16t01:26:00.000,193,gclp,landed,eggd,arrival
65e23e257a25c1a92386b30f,2023-06-16t02:44:00.000,194,ltfe,landed,eggd,arrival
65e23e257a25c1a92386b310,2023-06-16t02:30:00.000,195,ltai,landed,eggd,arrival
65e23e257a25c1a92386b311,2023-06-16t23:33:00.000,196,lfrs,landed,eggd,arrival
65e23e257a25c1a92386b312,2023-06-16t23:50:00.000,197,egaa,landed,eggd,arrival
65e23e257a25c1a92386b313,2023-06-16t23:55:00.000,198,lgrp,landed,eggd,arrival
65e23e257a25c1a92386b314,2023-06-17t00:03:00.000,199,lebl,landed,eggd,arrival
65e23e257a25c1a92386b315,2023-06-16t23:44:00.000,200,lddu,landed,eggd,arrival
65e23e257a25c1a92386b316,2023-06-17t00:18:00.000,201,ltbs,landed,eggd,arrival
65e23e257a25c1a92386b317,2023-06-16t23:52:00.000,202,lemg,landed,eggd,arrival
65e23e257a25c1a92386b318,2023-06-17t00:00:00.000,203,gcts,landed,eggd,arrival
65e23e257a25c1a92386b319,2023-06-17t00:42:00.000,204,lege,landed,eggd,arrival
65e23e257a25c1a92386b31a,2023-06-17t01:19:00.000,205,lgrp,landed,eggd,arrival
65e23e257a25c1a92386b31b,2023-06-17t01:24:00.000,206,lgkr,landed,eggd,arrival
65e23e257a25c1a92386b31c,2023-06-17t00:48:00.000,207,lgmk,landed,eggd,arrival
65e23e257a25c1a92386b31d,2023-06-17t01:09:00.000,208,lpfr,landed,eggd,arrival
65e23e257a25c1a92386b31e,2023-06-17t01:21:00.000,209,leal,landed,eggd,arrival
65e23e257a25c1a92386b31f,2023-06-17t03:09:00.000,210,ltbs,landed,eggd,arrival
65e23e257a25c1a92386b320,2023-06-17t03:28:00.000,211,hegn,landed,eggd,arrival
65e23e257a25c1a92386b321,2023-06-17t23:32:00.000,212,lemh,landed,eggd,arrival
65e23e257a25c1a92386b322,2023-06-17t23:43:00.000,213,lppr,landed,eggd,arrival
65e23e257a25c1a92386b323,2023-06-18t00:02:00.000,214,lgrp,landed,eggd,arrival
65e23e257a25c1a92386b324,2023-06-18t00:04:00.000,215,lepa,landed,eggd,arrival
65e23e257a25c1a92386b325,2023-06-17t23:52:00.000,216,ltbs,landed,eggd,arrival
65e23e257a25c1a92386b326,2023-06-17t23:59:00.000,217,lcph,landed,eggd,arrival
65e23e257a25c1a92386b327,2023-06-17t23:57:00.000,218,gcfv,landed,eggd,arrival
65e23e257a25c1a92386b328,2023-06-17t23:49:00.000,219,leal,landed,eggd,arrival
65e23e257a25c1a92386b329,2023-06-18t00:19:00.000,220,leib,landed,eggd,arrival
65e23e257a25c1a92386b32a,2023-06-18t00:57:00.000,221,lgkf,landed,eggd,arrival
65e23e257a25c1a92386b32b,2023-06-18t00:42:00.000,222,gclp,landed,eggd,arrival
65e23e257a25c1a92386b32c,2023-06-18t00:52:00.000,223,hesh,landed,eggd,arrival
65e23e257a25c1a92386b32d,2023-06-18t01:46:00.000,224,lgrp,landed,eggd,arrival
65e23e257a25c1a92386b32e,2023-06-18t23:38:00.000,225,eham,landed,eggd,arrival
65e23e257a25c1a92386b32f,2023-06-18t23:38:00.000,226,eham,landed,eggd,arrival
65e23e257a25c1a92386b330,2023-06-18t23:38:00.000,227,eham,landed,eggd,arrival
65e23e257a25c1a92386b331,2023-06-18t23:35:00.000,228,lemd,landed,eggd,arrival
65e23e257a25c1a92386b332,2023-06-18t23:51:00.000,229,lcph,landed,eggd,arrival
65e23e257a25c1a92386b333,2023-06-18t23:47:00.000,230,gcrr,landed,eggd,arrival
65e23e257a25c1a92386b334,2023-06-18t23:41:00.000,231,leal,landed,eggd,arrival
65e23e257a25c1a92386b335,2023-06-19t00:39:00.000,232,gcrr,landed,eggd,arrival
65e23e257a25c1a92386b336,2023-06-19t01:17:00.000,233,lcph,landed,eggd,arrival
65e23e257a25c1a92386b337,2023-06-19t00:54:00.000,234,lpfr,landed,eggd,arrival
65e23e257a25c1a92386b338,2023-06-19t01:06:00.000,235,gcts,landed,eggd,arrival
65e23e257a25c1a92386b339,2023-06-19t03:03:00.000,236,hesh,landed,eggd,arrival
65e23e257a25c1a92386b33a,2023-06-19t04:05:00.000,237,lclk,landed,eggd,arrival
65e23e257a25c1a92386b33b,2023-06-19t23:42:00.000,238,lemd,landed,eggd,arrival
65e23e257a25c1a92386b33c,2023-06-19t23:33:00.000,239,ltai,landed,eggd,arrival
65e23e257a25c1a92386b33d,2023-06-19t23:30:00.000,240,gmmx,landed,eggd,arrival
65e23e257a25c1a92386b33e,2023-06-19t23:44:00.000,241,lebl,landed,eggd,arrival
65e23e257a25c1a92386b33f,2023-06-19t23:38:00.000,242,ltai,landed,eggd,arrival
65e23e257a25c1a92386b340,2023-06-19t23:59:00.000,243,ltbs,landed,eggd,arrival
65e23e257a25c1a92386b341,2023-06-20t00:05:00.000,244,lmml,landed,eggd,arrival
65e23e257a25c1a92386b342,2023-06-20t00:54:00.000,245,dtnh,landed,eggd,arrival
65e23e257a25c1a92386b343,2023-06-20t01:07:00.000,246,lpfr,landed,eggd,arrival
65e23e257a25c1a92386b344,2023-06-20t01:39:00.000,247,lbbg,landed,eggd,arrival
65e23e257a25c1a92386b345,2023-06-20t01:52:00.000,248,leib,landed,eggd,arrival
65e23e257a25c1a92386b346,2023-06-20t01:30:00.000,249,lgkr,landed,eggd,arrival
65e23e257a25c1a92386b347,2023-06-20t02:34:00.000,250,gclp,landed,eggd,arrival
65e23e257a25c1a92386b348,2023-06-20t02:43:00.000,251,hegn,landed,eggd,arrival
65e23e257a25c1a92386b349,2023-06-20t03:13:00.000,252,ltbs,landed,eggd,arrival
65e23e257a25c1a92386b34a,2023-06-20t23:54:00.000,253,egpf,landed,eggd,arrival
65e23e257a25c1a92386b34b,2023-06-20t23:32:00.000,254,evra,landed,eggd,arrival
65e23e257a25c1a92386b34c,2023-06-20t23:47:00.000,255,lppr,landed,eggd,arrival
65e23e257a25c1a92386b34d,2023-06-21t00:05:00.000,256,lebl,landed,eggd,arrival
65e23e257a25c1a92386b34e,2023-06-21t00:40:00.000,257,lfmn,landed,eggd,arrival
65e23e257a25c1a92386b34f,2023-06-21t00:33:00.000,258,lpfr,landed,eggd,arrival
65e23e257a25c1a92386b350,2023-06-21t01:50:00.000,259,ltfe,landed,eggd,arrival
65e23e257a25c1a92386b351,2023-06-21t01:34:00.000,260,lgrp,landed,eggd,arrival
65e23e257a25c1a92386b352,2023-06-21t01:45:00.000,261,gcts,landed,eggd,arrival
65e23e257a25c1a92386b353,2023-06-21t02:12:00.000,262,ltai,landed,eggd,arrival
65e23e257a25c1a92386b354,2023-06-21t03:19:00.000,263,ltbs,landed,eggd,arrival
65e23e257a25c1a92386b355,2023-06-21t02:36:00.000,264,gvac,landed,eggd,arrival
65e23e257a25c1a92386b356,2023-06-21t23:37:00.000,265,gcfv,landed,eggd,arrival
65e23e257a25c1a92386b357,2023-06-21t23:42:00.000,266,lebl,landed,eggd,arrival
65e23e257a25c1a92386b358,2023-06-21t23:39:00.000,267,lemg,landed,eggd,arrival
65e23e257a25c1a92386b359,2023-06-22t01:12:00.000,268,lgkf,landed,eggd,arrival
65e23e257a25c1a92386b35a,2023-06-22t00:51:00.000,269,lpfr,landed,eggd,arrival
65e23e257a25c1a92386b35b,2023-06-22t00:45:00.000,270,lclk,landed,eggd,arrival
65e23e257a25c1a92386b35c,2023-06-22t01:18:00.000,271,hesh,landed,eggd,arrival
65e23e257a25c1a92386b35d,2023-06-22t01:45:00.000,272,gclp,landed,eggd,arrival
65e23e257a25c1a92386b35e,2023-06-22t01:41:00.000,273,ltbs,landed,eggd,arrival
65e23e257a25c1a92386b35f,2023-06-22t02:18:00.000,274,lgav,landed,eggd,arrival
65e23e257a25c1a92386b360,2023-06-22t02:23:00.000,275,lgko,landed,eggd,arrival
65e23e257a25c1a92386b361,2023-06-22t05:59:00.000,276,kmlb,landed,eggd,arrival
65e23e257a25c1a92386b362,2023-06-22t23:31:00.000,277,gcts,landed,eggd,arrival
65e23e257a25c1a92386b363,2023-06-22t23:43:00.000,278,lipz,landed,eggd,arrival
65e23e257a25c1a92386b364,2023-06-23t00:10:00.000,279,leal,landed,eggd,arrival
65e23e257a25c1a92386b365,2023-06-23t00:59:00.000,280,lepa,landed,eggd,arrival
65e23e257a25c1a92386b366,2023-06-23t01:24:00.000,281,lpfr,landed,eggd,arrival
65e23e257a25c1a92386b367,2023-06-23t01:12:00.000,282,gclp,landed,eggd,arrival
65e23e257a25c1a92386b368,2023-06-23t02:18:00.000,283,ltai,landed,eggd,arrival
65e23e257a25c1a92386b369,2023-06-23t23:38:00.000,284,egaa,landed,eggd,arrival
65e23e257a25c1a92386b36a,2023-06-24t00:01:00.000,285,ltai,landed,eggd,arrival
65e23e257a25c1a92386b36b,2023-06-23t23:55:00.000,286,lclk,landed,eggd,arrival
65e23e257a25c1a92386b36c,2023-06-24t00:12:00.000,287,lgrp,landed,eggd,arrival
65e23e257a25c1a92386b36d,2023-06-24t00:09:00.000,288,lebl,landed,eggd,arrival
65e23e257a25c1a92386b36e,2023-06-23t23:35:00.000,289,lddu,landed,eggd,arrival
65e23e257a25c1a92386b36f,2023-06-24t00:07:00.000,290,lemg,landed,eggd,arrival
65e23e257a25c1a92386b370,2023-06-24t00:23:00.000,291,gcts,landed,eggd,arrival
65e23e257a25c1a92386b371,2023-06-24t00:49:00.000,292,lege,landed,eggd,arrival
65e23e257a25c1a92386b372,2023-06-24t00:33:00.000,293,lgmk,landed,eggd,arrival
65e23e257a25c1a92386b373,2023-06-24t01:45:00.000,294,lpfr,landed,eggd,arrival
65e23e257a25c1a92386b374,2023-06-24t01:12:00.000,295,leal,landed,eggd,arrival
65e23e257a25c1a92386b375,2023-06-24t03:27:00.000,296,ltbs,landed,eggd,arrival
65e23e257a25c1a92386b376,2023-06-24t03:30:00.000,297,hegn,landed,eggd,arrival
65e23e257a25c1a92386b377,2023-06-25t00:01:00.000,298,ltbs,landed,eggd,arrival
65e23e257a25c1a92386b378,2023-06-24t23:30:00.000,299,lepa,landed,eggd,arrival
65e23e257a25c1a92386b379,2023-06-24t23:38:00.000,300,gcfv,landed,eggd,arrival
65e23e257a25c1a92386b37a,2023-06-24t23:41:00.000,301,leal,landed,eggd,arrival
65e23e257a25c1a92386b37b,2023-06-25t00:23:00.000,302,leib,landed,eggd,arrival
65e23e257a25c1a92386b37c,2023-06-25t00:34:00.000,303,lgkf,landed,eggd,arrival
65e23e257a25c1a92386b37d,2023-06-25t00:39:00.000,304,lpfr,landed,eggd,arrival
65e23e257a25c1a92386b37e,2023-06-25t00:51:00.000,305,hesh,landed,eggd,arrival
65e23e257a25c1a92386b37f,2023-06-25t01:14:00.000,306,leal,landed,eggd,arrival
65e23e257a25c1a92386b380,2023-06-25t01:52:00.000,307,hegn,landed,eggd,arrival
65e23e257a25c1a92386b381,2023-06-25t01:48:00.000,308,ltbs,landed,eggd,arrival
65e23e257a25c1a92386b382,2023-06-25t23:38:00.000,309,lcph,landed,eggd,arrival
65e23e257a25c1a92386b383,2023-06-26t00:07:00.000,310,lgkf,landed,eggd,arrival
65e23e257a25c1a92386b384,2023-06-25t23:48:00.000,311,lebl,landed,eggd,arrival
65e23e257a25c1a92386b385,2023-06-25t23:45:00.000,312,leal,landed,eggd,arrival
65e23e257a25c1a92386b386,2023-06-25t23:31:00.000,313,lirf,landed,eggd,arrival
65e23e257a25c1a92386b387,2023-06-26t00:00:00.000,314,egpf,landed,eggd,arrival
65e23e257a25c1a92386b388,2023-06-26t00:55:00.000,315,gcrr,landed,eggd,arrival
65e23e257a25c1a92386b389,2023-06-26t00:39:00.000,316,lcph,landed,eggd,arrival
65e23e257a25c1a92386b38a,2023-06-26t00:53:00.000,317,gcts,landed,eggd,arrival
65e23e257a25c1a92386b38b,2023-06-26t01:28:00.000,318,ltai,landed,eggd,arrival
65e23e257a25c1a92386b38c,2023-06-26t02:13:00.000,319,leal,landed,eggd,arrival
65e23e257a25c1a92386b38d,2023-06-26t01:57:00.000,320,ltbs,landed,eggd,arrival
65e23e257a25c1a92386b38e,2023-06-26t02:50:00.000,321,hesh,landed,eggd,arrival
65e23e257a25c1a92386b38f,2023-06-26t04:08:00.000,322,lclk,landed,eggd,arrival
65e23e257a25c1a92386b390,2023-06-26t23:47:00.000,323,ltai,landed,eggd,arrival
65e23e257a25c1a92386b391,2023-06-26t23:39:00.000,324,lclk,landed,eggd,arrival
65e23e257a25c1a92386b392,2023-06-26t23:50:00.000,325,gmmx,landed,eggd,arrival
65e23e257a25c1a92386b393,2023-06-26t23:36:00.000,326,ltai,landed,eggd,arrival
65e23e257a25c1a92386b394,2023-06-27t00:06:00.000,327,lmml,landed,eggd,arrival
65e23e257a25c1a92386b395,2023-06-27t00:03:00.000,328,dtnh,landed,eggd,arrival
65e23e257a25c1a92386b396,2023-06-27t01:03:00.000,329,lepa,landed,eggd,arrival
65e23e257a25c1a92386b397,2023-06-27t00:46:00.000,330,lpfr,landed,eggd,arrival
65e23e257a25c1a92386b398,2023-06-27t01:07:00.000,331,lbbg,landed,eggd,arrival
65e23e257a25c1a92386b399,2023-06-27t00:49:00.000,332,lgmk,landed,eggd,arrival
65e23e257a25c1a92386b39a,2023-06-27t01:35:00.000,333,lgkr,landed,eggd,arrival
65e23e257a25c1a92386b39b,2023-06-27t01:44:00.000,334,leal,landed,eggd,arrival
65e23e257a25c1a92386b39c,2023-06-27t02:24:00.000,335,gclp,landed,eggd,arrival
65e23e257a25c1a92386b39d,2023-06-27t02:40:00.000,336,hegn,landed,eggd,arrival
65e23e257a25c1a92386b39e,2023-06-27t23:39:00.000,337,evra,landed,eggd,arrival
65e23e257a25c1a92386b39f,2023-06-27t23:31:00.000,338,lppr,landed,eggd,arrival
65e23e257a25c1a92386b3a0,2023-06-27t23:43:00.000,339,lebl,landed,eggd,arrival
65e23e257a25c1a92386b3a1,2023-06-28t00:12:00.000,340,lepa,landed,eggd,arrival
65e23e257a25c1a92386b3a2,2023-06-28t00:22:00.000,341,lemd,landed,eggd,arrival
65e23e257a25c1a92386b3a3,2023-06-28t00:35:00.000,342,lfmn,landed,eggd,arrival
65e23e257a25c1a92386b3a4,2023-06-28t00:31:00.000,343,lpfr,landed,eggd,arrival
65e23e257a25c1a92386b3a5,2023-06-28t01:07:00.000,344,lpfr,landed,eggd,arrival
65e23e257a25c1a92386b3a6,2023-06-28t01:58:00.000,345,leal,landed,eggd,arrival
65e23e257a25c1a92386b3a7,2023-06-28t01:26:00.000,346,lgrp,landed,eggd,arrival
65e23e257a25c1a92386b3a8,2023-06-28t01:30:00.000,347,gcts,landed,eggd,arrival
65e23e257a25c1a92386b3a9,2023-06-28t01:35:00.000,348,ltbs,landed,eggd,arrival
65e23e257a25c1a92386b3aa,2023-06-28t01:55:00.000,349,hegn,landed,eggd,arrival
65e23e257a25c1a92386b3ab,2023-06-28t03:09:00.000,350,ltai,landed,eggd,arrival
65e23e257a25c1a92386b3ac,2023-06-28t02:36:00.000,351,ltai,landed,eggd,arrival
65e23e257a25c1a92386b3ad,2023-06-28t02:21:00.000,352,ltbs,landed,eggd,arrival
65e23e257a25c1a92386b3ae,2023-06-28t02:48:00.000,353,gvac,landed,eggd,arrival
65e23e257a25c1a92386b3af,2023-06-28t23:34:00.000,354,egph,landed,eggd,arrival
65e23e257a25c1a92386b3b0,2023-06-29t00:04:00.000,355,egpf,landed,eggd,arrival
65e23e257a25c1a92386b3b1,2023-06-28t23:39:00.000,356,lpfr,landed,eggd,arrival
65e23e257a25c1a92386b3b2,2023-06-28t23:48:00.000,357,lebl,landed,eggd,arrival
65e23e257a25c1a92386b3b3,2023-06-28t23:52:00.000,358,lemg,landed,eggd,arrival
65e23e257a25c1a92386b3b4,2023-06-29t01:23:00.000,359,lgkf,landed,eggd,arrival
65e23e257a25c1a92386b3b5,2023-06-29t00:48:00.000,360,lgir,landed,eggd,arrival
65e23e257a25c1a92386b3b6,2023-06-29t01:20:00.000,361,lpfr,landed,eggd,arrival
65e23e257a25c1a92386b3b7,2023-06-29t01:13:00.000,362,lclk,landed,eggd,arrival
65e23e257a25c1a92386b3b8,2023-06-29t01:50:00.000,363,leal,landed,eggd,arrival
65e23e257a25c1a92386b3b9,2023-06-29t01:29:00.000,364,lcph,landed,eggd,arrival
65e23e257a25c1a92386b3ba,2023-06-29t01:16:00.000,365,hesh,landed,eggd,arrival
65e23e257a25c1a92386b3bb,2023-06-29t01:10:00.000,366,gclp,landed,eggd,arrival
65e23e257a25c1a92386b3bc,2023-06-29t02:04:00.000,367,ltbs,landed,eggd,arrival
65e23e257a25c1a92386b3bd,2023-06-29t01:45:00.000,368,lgav,landed,eggd,arrival
65e23e257a25c1a92386b3be,2023-06-29t02:28:00.000,369,lgko,landed,eggd,arrival
65e23e257a25c1a92386b3bf,2023-06-30t00:07:00.000,370,lipz,landed,eggd,arrival
65e23e257a25c1a92386b3c0,2023-06-30t00:10:00.000,371,gcrr,landed,eggd,arrival
65e23e257a25c1a92386b3c1,2023-06-29t23:39:00.000,372,lebl,landed,eggd,arrival
65e23e257a25c1a92386b3c2,2023-06-29t23:43:00.000,373,ltbs,landed,eggd,arrival
65e23e257a25c1a92386b3c3,2023-06-30t00:17:00.000,374,ltfe,landed,eggd,arrival
65e23e257a25c1a92386b3c4,2023-06-30t00:01:00.000,375,lgir,landed,eggd,arrival
65e23e257a25c1a92386b3c5,2023-06-30t00:47:00.000,376,lepa,landed,eggd,arrival
65e23e257a25c1a92386b3c6,2023-06-30t00:55:00.000,377,gcrr,landed,eggd,arrival
65e23e257a25c1a92386b3c7,2023-06-30t00:58:00.000,378,lpfr,landed,eggd,arrival
65e23e257a25c1a92386b3c8,2023-06-30t01:15:00.000,379,ltai,landed,eggd,arrival
65e23e257a25c1a92386b3c9,2023-06-30t01:38:00.000,380,gclp,landed,eggd,arrival
65e23e257a25c1a92386b3ca,2023-06-30t01:57:00.000,381,ltfe,landed,eggd,arrival
65e23e257a25c1a92386b3cb,2023-06-30t02:59:00.000,382,ltai,landed,eggd,arrival
65e23e257a25c1a92386b3cc,2023-06-30t03:47:00.000,383,lclk,landed,eggd,arrival
65e23e257a25c1a92386b3cd,2023-06-30t23:50:00.000,384,egpf,landed,eggd,arrival
65e23e257a25c1a92386b3ce,2023-06-30t23:35:00.000,385,lebl,landed,eggd,arrival
65e23e257a25c1a92386b3cf,2023-06-30t23:58:00.000,386,lddu,landed,eggd,arrival
65e23e257a25c1a92386b3d0,2023-07-01t00:03:00.000,387,lemg,landed,eggd,arrival
65e23e257a25c1a92386b3d1,2023-07-01t00:15:00.000,388,gcts,landed,eggd,arrival
65e23e257a25c1a92386b3d2,2023-07-01t02:23:00.000,389,ltbs,landed,eggd,arrival
65e23e257a25c1a92386b3d3,2023-07-01t03:10:00.000,390,ltbs,landed,eggd,arrival
65e23e257a25c1a92386b3d4,2023-07-01t03:43:00.000,391,hegn,landed,eggd,arrival
65e23e257a25c1a92386b3d5,2023-07-01t23:42:00.000,392,ltai,landed,eggd,arrival
65e23e257a25c1a92386b3d6,2023-07-01t23:34:00.000,393,lemh,landed,eggd,arrival
65e23e257a25c1a92386b3d7,2023-07-01t23:31:00.000,394,lppr,landed,eggd,arrival
65e23e257a25c1a92386b3d8,2023-07-01t23:48:00.000,395,lgrp,landed,eggd,arrival
65e23e257a25c1a92386b3d9,2023-07-01t23:36:00.000,396,lepa,landed,eggd,arrival
65e23e257a25c1a92386b3da,2023-07-01t23:39:00.000,397,ltbs,landed,eggd,arrival
65e23e257a25c1a92386b3db,2023-07-02t00:23:00.000,398,lege,landed,eggd,arrival
65e23e257a25c1a92386b3dc,2023-07-01t23:45:00.000,399,lcph,landed,eggd,arrival
65e23e257a25c1a92386b3dd,2023-07-01t23:51:00.000,400,lirn,landed,eggd,arrival
65e23e257a25c1a92386b3de,2023-07-01t23:57:00.000,401,gcfv,landed,eggd,arrival
65e23e257a25c1a92386b3df,2023-07-02t00:02:00.000,402,leal,landed,eggd,arrival
65e23e257a25c1a92386b3e0,2023-07-02t00:47:00.000,403,leib,landed,eggd,arrival
65e23e257a25c1a92386b3e1,2023-07-02t00:53:00.000,404,lgkf,landed,eggd,arrival
65e23e257a25c1a92386b3e2,2023-07-02t00:50:00.000,405,lpfr,landed,eggd,arrival
65e23e257a25c1a92386b3e3,2023-07-02t00:56:00.000,406,gclp,landed,eggd,arrival
65e23e257a25c1a92386b3e4,2023-07-02t01:45:00.000,407,leal,landed,eggd,arrival
65e23e257a25c1a92386b3e5,2023-07-02t02:26:00.000,408,lgrp,landed,eggd,arrival
65e23e257a25c1a92386b3e6,2023-07-02t02:30:00.000,409,ltbs,landed,eggd,arrival
65e23e257a25c1a92386b3e7,2023-07-02t03:41:00.000,410,lgsa,landed,eggd,arrival
65e23e257a25c1a92386b3e8,2023-07-02t23:31:00.000,411,lgko,landed,eggd,arrival
65e23e257a25c1a92386b3e9,2023-07-02t23:51:00.000,412,ltfe,landed,eggd,arrival
65e23e257a25c1a92386b3ea,2023-07-02t23:35:00.000,413,lcph,landed,eggd,arrival
65e23e257a25c1a92386b3eb,2023-07-03t00:07:00.000,414,lirf,landed,eggd,arrival
65e23e257a25c1a92386b3ec,2023-07-02t23:39:00.000,415,egpf,landed,eggd,arrival
65e23e257a25c1a92386b3ed,2023-07-03t00:43:00.000,416,gcrr,landed,eggd,arrival
65e23e257a25c1a92386b3ee,2023-07-03t00:37:00.000,417,lcph,landed,eggd,arrival
65e23e257a25c1a92386b3ef,2023-07-03t00:14:00.000,418,gcts,landed,eggd,arrival
65e23e257a25c1a92386b3f0,2023-07-03t01:57:00.000,419,ltai,landed,eggd,arrival
65e23e257a25c1a92386b3f1,2023-07-03t02:12:00.000,420,lgav,landed,eggd,arrival
65e23e257a25c1a92386b3f2,2023-07-03t01:37:00.000,421,leal,landed,eggd,arrival
65e23e257a25c1a92386b3f3,2023-07-03t02:39:00.000,422,ltbs,landed,eggd,arrival
65e23e257a25c1a92386b3f4,2023-07-03t01:41:00.000,423,hesh,landed,eggd,arrival
65e23e257a25c1a92386b3f5,2023-07-03t03:46:00.000,424,lclk,landed,eggd,arrival
65e23e257a25c1a92386b3f6,2023-07-03t23:35:00.000,425,lfrs,landed,eggd,arrival
65e23e257a25c1a92386b3f7,2023-07-03t23:48:00.000,426,gclp,landed,eggd,arrival
65e23e257a25c1a92386b3f8,2023-07-03t23:58:00.000,427,ltbs,landed,eggd,arrival
65e23e257a25c1a92386b3f9,2023-07-03t23:32:00.000,428,lmml,landed,eggd,arrival
65e23e257a25c1a92386b3fa,2023-07-04t00:16:00.000,429,dtnh,landed,eggd,arrival
65e23e257a25c1a92386b3fb,2023-07-04t00:57:00.000,430,lpfr,landed,eggd,arrival
65e23e257a25c1a92386b3fc,2023-07-04t01:21:00.000,431,lbbg,landed,eggd,arrival
65e23e257a25c1a92386b3fd,2023-07-04t00:55:00.000,432,lgmk,landed,eggd,arrival
65e23e257a25c1a92386b3fe,2023-07-04t01:17:00.000,433,lgkr,landed,eggd,arrival
65e23e257a25c1a92386b3ff,2023-07-04t02:10:00.000,434,gclp,landed,eggd,arrival
65e23e257a25c1a92386b400,2023-07-04t02:59:00.000,435,hegn,landed,eggd,arrival
65e23e257a25c1a92386b401,2023-07-04t02:55:00.000,436,ltbs,landed,eggd,arrival
65e23e257a25c1a92386b402,2023-07-04t23:44:00.000,437,evra,landed,eggd,arrival
65e23e257a25c1a92386b403,2023-07-04t23:47:00.000,438,eidw,landed,eggd,arrival
65e23e257a25c1a92386b404,2023-07-05t00:33:00.000,439,lemd,landed,eggd,arrival
65e23e257a25c1a92386b405,2023-07-05t00:04:00.000,440,lfmn,landed,eggd,arrival
65e23e257a25c1a92386b406,2023-07-05t01:06:00.000,441,lpfr,landed,eggd,arrival
65e23e257a25c1a92386b407,2023-07-05t00:52:00.000,442,lpfr,landed,eggd,arrival
65e23e257a25c1a92386b408,2023-07-05t01:15:00.000,443,leal,landed,eggd,arrival
65e23e257a25c1a92386b409,2023-07-05t01:53:00.000,444,lgrp,landed,eggd,arrival
65e23e257a25c1a92386b40a,2023-07-05t01:19:00.000,445,gcts,landed,eggd,arrival
65e23e257a25c1a92386b40b,2023-07-05t02:01:00.000,446,ltbs,landed,eggd,arrival
65e23e257a25c1a92386b40c,2023-07-05t02:07:00.000,447,lgsa,landed,eggd,arrival
65e23e257a25c1a92386b40d,2023-07-05t02:11:00.000,448,hegn,landed,eggd,arrival
65e23e257a25c1a92386b40e,2023-07-05t02:52:00.000,449,ltai,landed,eggd,arrival
65e23e257a25c1a92386b40f,2023-07-05t02:32:00.000,450,ltai,landed,eggd,arrival
65e23e257a25c1a92386b410,2023-07-05t02:04:00.000,451,ltbs,landed,eggd,arrival
65e23e257a25c1a92386b411,2023-07-05t02:47:00.000,452,gvac,landed,eggd,arrival
65e23e257a25c1a92386b412,2023-07-05t23:58:00.000,453,lemd,landed,eggd,arrival
65e23e257a25c1a92386b413,2023-07-05t23:32:00.000,454,egpf,landed,eggd,arrival
65e23e257a25c1a92386b414,2023-07-05t23:42:00.000,455,lemg,landed,eggd,arrival
65e23e257a25c1a92386b415,2023-07-06t00:39:00.000,456,lgkf,landed,eggd,arrival
65e23e257a25c1a92386b416,2023-07-06t01:10:00.000,457,lpfr,landed,eggd,arrival
65e23e257a25c1a92386b417,2023-07-06t01:18:00.000,458,lclk,landed,eggd,arrival
65e23e257a25c1a92386b418,2023-06-08t05:59:00.000,459,eidw,active,eggd,departure
65e23e257a25c1a92386b419,2023-06-09t05:52:00.000,460,lgkr,active,eggd,departure
65e23e257a25c1a92386b41a,2023-06-16t05:51:00.000,461,lgkr,active,eggd,departure
65e23e257a25c1a92386b41b,2023-06-26t00:04:00.000,462,lfpb,active,eggd,departure
65e23e257a25c1a92386b41c,2023-06-30t05:50:00.000,463,lgkr,active,eggd,departure
65e23e257a25c1a92386b41d,2023-07-06t01:32:00.000,464,hesh,landed,eggd,arrival
65e23e257a25c1a92386b41e,2023-07-06t02:09:00.000,465,gclp,landed,eggd,arrival
65e23e257a25c1a92386b41f,2023-07-06t01:48:00.000,466,ltbs,landed,eggd,arrival
65e23e257a25c1a92386b420,2023-07-06t02:34:00.000,467,lgav,landed,eggd,arrival
65e23e257a25c1a92386b421,2023-07-06t02:25:00.000,468,lgko,landed,eggd,arrival
65e23e257a25c1a92386b422,2023-07-06t23:43:00.000,469,lfbh,landed,eggd,arrival
65e23e257a25c1a92386b423,2023-07-06t23:50:00.000,470,lgko,landed,eggd,arrival
65e23e257a25c1a92386b424,2023-07-07t00:00:00.000,471,ltbs,landed,eggd,arrival
65e23e257a25c1a92386b425,2023-07-07t00:07:00.000,472,ltfe,landed,eggd,arrival
65e23e257a25c1a92386b426,2023-07-07t00:29:00.000,473,gcrr,landed,eggd,arrival
65e23e257a25c1a92386b427,2023-07-07t01:04:00.000,474,lpfr,landed,eggd,arrival
65e23e257a25c1a92386b428,2023-07-07t01:48:00.000,475,leal,landed,eggd,arrival
65e23e257a25c1a92386b429,2023-07-07t01:30:00.000,476,ltai,landed,eggd,arrival
65e23e257a25c1a92386b42a,2023-07-07t01:14:00.000,477,gclp,landed,eggd,arrival
65e23e257a25c1a92386b42b,2023-07-07t02:43:00.000,478,ltfe,landed,eggd,arrival
65e23e257a25c1a92386b42c,2023-07-07t02:37:00.000,479,ltai,landed,eggd,arrival
65e23e257a25c1a92386b42d,2023-07-07t03:25:00.000,480,lclk,landed,eggd,arrival
65e23e257a25c1a92386b42e,2023-07-08t00:07:00.000,481,lebl,landed,eggd,arrival
65e23e257a25c1a92386b42f,2023-07-07t23:48:00.000,482,lemd,landed,eggd,arrival
65e23e257a25c1a92386b430,2023-07-07t23:36:00.000,483,lddu,landed,eggd,arrival
65e23e257a25c1a92386b431,2023-07-07t23:57:00.000,484,lemg,landed,eggd,arrival
65e23e257a25c1a92386b432,2023-07-08t00:26:00.000,485,lege,landed,eggd,arrival
65e23e257a25c1a92386b433,2023-07-08t00:56:00.000,486,lgrp,landed,eggd,arrival
65e23e257a25c1a92386b434,2023-07-08t01:21:00.000,487,lgkr,landed,eggd,arrival
65e23e257a25c1a92386b435,2023-07-08t01:02:00.000,488,lgmk,landed,eggd,arrival
65e23e257a25c1a92386b436,2023-07-08t01:35:00.000,489,lpfr,landed,eggd,arrival
65e23e257a25c1a92386b437,2023-07-08t01:59:00.000,490,leal,landed,eggd,arrival
65e23e257a25c1a92386b438,2023-07-08t02:33:00.000,491,ltbs,landed,eggd,arrival
65e23e257a25c1a92386b439,2023-07-08t03:11:00.000,492,ltbs,landed,eggd,arrival
65e23e257a25c1a92386b43a,2023-07-08t03:45:00.000,493,hegn,landed,eggd,arrival
65e23e257a25c1a92386b43b,2023-07-09t00:10:00.000,494,lepa,landed,eggd,arrival
65e23e257a25c1a92386b43c,2023-07-08t23:48:00.000,495,lirn,landed,eggd,arrival
65e23e257a25c1a92386b43d,2023-07-08t23:51:00.000,496,gcfv,landed,eggd,arrival
65e23e257a25c1a92386b43e,2023-07-08t23:39:00.000,497,leal,landed,eggd,arrival
65e23e257a25c1a92386b43f,2023-07-09t00:45:00.000,498,leib,landed,eggd,arrival
65e23e257a25c1a92386b440,2023-07-09t01:42:00.000,499,gclp,landed,eggd,arrival
65e23e257a25c1a92386b441,2023-07-09t02:19:00.000,500,ltbs,landed,eggd,arrival
65e23e257a25c1a92386b442,2023-07-09t04:12:00.000,501,lgsa,landed,eggd,arrival
65e23e257a25c1a92386b443,2023-07-10t00:17:00.000,502,lebl,landed,eggd,arrival
65e23e257a25c1a92386b444,2023-07-10t00:06:00.000,503,egpf,landed,eggd,arrival
65e23e257a25c1a92386b445,2023-07-10t00:45:00.000,504,leib,landed,eggd,arrival
65e23e257a25c1a92386b446,2023-07-10t00:50:00.000,505,gcrr,landed,eggd,arrival
65e23e257a25c1a92386b447,2023-07-10t00:39:00.000,506,gcts,landed,eggd,arrival
65e23e257a25c1a92386b448,2023-07-10t01:53:00.000,507,ltai,landed,eggd,arrival
65e23e257a25c1a92386b449,2023-07-10t02:21:00.000,508,ltbs,landed,eggd,arrival
65e23e257a25c1a92386b44a,2023-07-10t23:52:00.000,509,ltai,landed,eggd,arrival
65e23e257a25c1a92386b44b,2023-07-10t23:33:00.000,510,lclk,landed,eggd,arrival
65e23e257a25c1a92386b44c,2023-07-10t23:46:00.000,511,gmmx,landed,eggd,arrival
65e23e257a25c1a92386b44d,2023-07-10t23:57:00.000,512,ltai,landed,eggd,arrival
65e23e257a25c1a92386b44e,2023-07-11t00:26:00.000,513,ltbs,landed,eggd,arrival
65e23e257a25c1a92386b44f,2023-07-11t00:16:00.000,514,lmml,landed,eggd,arrival
65e23e257a25c1a92386b450,2023-07-11t01:21:00.000,515,egff,landed,eggd,arrival
65e23e257a25c1a92386b451,2023-07-11t01:06:00.000,516,lbbg,landed,eggd,arrival
65e23e257a25c1a92386b452,2023-07-11t00:58:00.000,517,lgmk,landed,eggd,arrival
65e23e257a25c1a92386b453,2023-07-11t01:58:00.000,518,leib,landed,eggd,arrival
65e23e257a25c1a92386b454,2023-07-11t02:24:00.000,519,leal,landed,eggd,arrival
65e23e257a25c1a92386b455,2023-07-11t02:14:00.000,520,gclp,landed,eggd,arrival
65e23e257a25c1a92386b456,2023-07-11t03:07:00.000,521,hegn,landed,eggd,arrival
65e23e257a25c1a92386b457,2023-07-11t02:47:00.000,522,ltbs,landed,eggd,arrival
65e23e257a25c1a92386b458,2023-07-11t23:33:00.000,523,gcts,landed,eggd,arrival
65e23e257a25c1a92386b459,2023-07-11t23:53:00.000,524,lppr,landed,eggd,arrival
65e23e257a25c1a92386b45a,2023-07-11t23:45:00.000,525,eidw,landed,eggd,arrival
65e23e257a25c1a92386b45b,2023-07-12t01:26:00.000,526,lgrp,landed,eggd,arrival
65e23e257a25c1a92386b45c,2023-07-12t01:43:00.000,527,gcts,landed,eggd,arrival
65e23e257a25c1a92386b45d,2023-07-12t02:32:00.000,528,hegn,landed,eggd,arrival
65e23e257a25c1a92386b45e,2023-07-12t02:38:00.000,529,ltai,landed,eggd,arrival
65e23e257a25c1a92386b45f,2023-07-12t02:53:00.000,530,gvac,landed,eggd,arrival
65e23e257a25c1a92386b460,2023-07-12t23:30:00.000,531,egph,landed,eggd,arrival
65e23e257a25c1a92386b461,2023-07-12t23:49:00.000,532,lemd,landed,eggd,arrival
65e23e257a25c1a92386b462,2023-07-13t00:09:00.000,533,lpfr,landed,eggd,arrival
65e23e257a25c1a92386b463,2023-07-13t00:02:00.000,534,lebl,landed,eggd,arrival
65e23e257a25c1a92386b464,2023-07-12t23:43:00.000,535,lemg,landed,eggd,arrival
65e23e257a25c1a92386b465,2023-07-13t01:41:00.000,536,dtnh,landed,eggd,arrival
65e23e257a25c1a92386b466,2023-07-13t01:56:00.000,537,leal,landed,eggd,arrival
65e23e257a25c1a92386b467,2023-07-13t01:53:00.000,538,lcph,landed,eggd,arrival
65e23e257a25c1a92386b468,2023-07-13t02:10:00.000,539,ltbs,landed,eggd,arrival
65e23e257a25c1a92386b469,2023-07-13t02:39:00.000,540,lgko,landed,eggd,arrival
65e23e257a25c1a92386b46a,2023-07-14t00:02:00.000,541,lgko,landed,eggd,arrival
65e23e257a25c1a92386b46b,2023-07-14t00:04:00.000,542,lipz,landed,eggd,arrival
65e23e257a25c1a92386b46c,2023-07-14t00:07:00.000,543,lgsk,landed,eggd,arrival
65e23e257a25c1a92386b46d,2023-07-13t23:52:00.000,544,leal,landed,eggd,arrival
65e23e257a25c1a92386b46e,2023-07-14t00:34:00.000,545,ltfe,landed,eggd,arrival
65e23e257a25c1a92386b46f,2023-07-14t00:19:00.000,546,lgir,landed,eggd,arrival
65e23e257a25c1a92386b470,2023-07-14t00:44:00.000,547,lepa,landed,eggd,arrival
65e23e257a25c1a92386b471,2023-07-14t00:36:00.000,548,gcrr,landed,eggd,arrival
65e23e257a25c1a92386b472,2023-07-14t01:39:00.000,549,ltai,landed,eggd,arrival
65e23e257a25c1a92386b473,2023-07-14t01:34:00.000,550,gclp,landed,eggd,arrival
65e23e257a25c1a92386b474,2023-07-14t02:29:00.000,551,ltfe,landed,eggd,arrival
65e23e257a25c1a92386b475,2023-07-14t02:59:00.000,552,ltai,landed,eggd,arrival
65e23e257a25c1a92386b476,2023-07-14t03:55:00.000,553,lclk,landed,eggd,arrival
65e23e257a25c1a92386b477,2023-07-14t23:44:00.000,554,lgrp,landed,eggd,arrival
65e23e257a25c1a92386b478,2023-07-14t23:50:00.000,555,lirn,landed,eggd,arrival
65e23e257a25c1a92386b479,2023-07-14t23:36:00.000,556,lebl,landed,eggd,arrival
65e23e257a25c1a92386b47a,2023-07-14t23:41:00.000,557,lemd,landed,eggd,arrival
65e23e257a25c1a92386b47b,2023-07-15t00:13:00.000,558,lemg,landed,eggd,arrival
65e23e257a25c1a92386b47c,2023-07-15t01:45:00.000,559,lgkr,landed,eggd,arrival
65e23e257a25c1a92386b47d,2023-07-15t02:08:00.000,560,ltbs,landed,eggd,arrival
65e23e257a25c1a92386b47e,2023-07-15t02:58:00.000,561,ltbs,landed,eggd,arrival
65e23e257a25c1a92386b47f,2023-07-15t04:18:00.000,562,hegn,landed,eggd,arrival
65e23e257a25c1a92386b480,2023-07-15t23:33:00.000,563,ltai,landed,eggd,arrival
65e23e257a25c1a92386b481,2023-07-16t00:07:00.000,564,ltbs,landed,eggd,arrival
65e23e257a25c1a92386b482,2023-07-15t23:47:00.000,565,lcph,landed,eggd,arrival
65e23e257a25c1a92386b483,2023-07-15t23:41:00.000,566,gcfv,landed,eggd,arrival
65e23e257a25c1a92386b484,2023-07-16t01:06:00.000,567,lgkf,landed,eggd,arrival
65e23e257a25c1a92386b485,2023-07-16t00:37:00.000,568,lpfr,landed,eggd,arrival
65e23e257a25c1a92386b486,2023-07-16t01:19:00.000,569,gclp,landed,eggd,arrival
65e23e257a25c1a92386b487,2023-07-16t01:35:00.000,570,hesh,landed,eggd,arrival
65e23e257a25c1a92386b488,2023-07-16t01:40:00.000,571,leal,landed,eggd,arrival
65e23e257a25c1a92386b489,2023-07-16t02:40:00.000,572,ltbs,landed,eggd,arrival
65e23e257a25c1a92386b48a,2023-07-16t23:37:00.000,573,lkpr,landed,eggd,arrival
65e23e257a25c1a92386b48b,2023-07-16t23:39:00.000,574,lemd,landed,eggd,arrival
65e23e257a25c1a92386b48c,2023-07-17t00:01:00.000,575,ltfe,landed,eggd,arrival
65e23e257a25c1a92386b48d,2023-07-16t23:48:00.000,576,lgkf,landed,eggd,arrival
65e23e257a25c1a92386b48e,2023-07-16t23:51:00.000,577,lebl,landed,eggd,arrival
65e23e257a25c1a92386b48f,2023-07-16t23:53:00.000,578,leal,landed,eggd,arrival
65e23e257a25c1a92386b490,2023-07-16t23:33:00.000,579,egpf,landed,eggd,arrival
65e23e257a25c1a92386b491,2023-07-17t01:08:00.000,580,leib,landed,eggd,arrival
65e23e257a25c1a92386b492,2023-07-17t01:12:00.000,581,lpfr,landed,eggd,arrival
65e23e257a25c1a92386b493,2023-07-17t00:27:00.000,582,gcts,landed,eggd,arrival
65e23e257a25c1a92386b494,2023-07-17t01:34:00.000,583,ltai,landed,eggd,arrival
65e23e257a25c1a92386b495,2023-07-17t02:16:00.000,584,ltai,landed,eggd,arrival
65e23e257a25c1a92386b496,2023-07-17t02:00:00.000,585,lgav,landed,eggd,arrival
65e23e257a25c1a92386b497,2023-07-17t02:07:00.000,586,leal,landed,eggd,arrival
65e23e257a25c1a92386b498,2023-07-17t02:20:00.000,587,ltbs,landed,eggd,arrival
65e23e257a25c1a92386b499,2023-07-17t02:10:00.000,588,hesh,landed,eggd,arrival
65e23e257a25c1a92386b49a,2023-07-17t04:12:00.000,589,lclk,landed,eggd,arrival
65e23e257a25c1a92386b49b,2023-07-17t23:46:00.000,590,lfrs,landed,eggd,arrival
65e23e257a25c1a92386b49c,2023-07-17t23:49:00.000,591,ltai,landed,eggd,arrival
65e23e257a25c1a92386b49d,2023-07-17t23:32:00.000,592,lclk,landed,eggd,arrival
65e23e257a25c1a92386b49e,2023-07-17t23:35:00.000,593,gmmx,landed,eggd,arrival
65e23e257a25c1a92386b49f,2023-07-17t23:42:00.000,594,ltai,landed,eggd,arrival
65e23e257a25c1a92386b4a0,2023-07-18t00:17:00.000,595,ltbs,landed,eggd,arrival
65e23e257a25c1a92386b4a1,2023-07-18t00:22:00.000,596,dtnh,landed,eggd,arrival
65e23e257a25c1a92386b4a2,2023-07-18t00:33:00.000,597,lepa,landed,eggd,arrival
65e23e257a25c1a92386b4a3,2023-07-18t00:30:00.000,598,lpfr,landed,eggd,arrival
65e23e257a25c1a92386b4a4,2023-07-18t01:03:00.000,599,lbbg,landed,eggd,arrival
65e23e257a25c1a92386b4a5,2023-07-18t01:10:00.000,600,lgmk,landed,eggd,arrival
65e23e257a25c1a92386b4a6,2023-07-18t01:30:00.000,601,leib,landed,eggd,arrival
65e23e257a25c1a92386b4a7,2023-07-18t02:06:00.000,602,lgkr,landed,eggd,arrival
65e23e257a25c1a92386b4a8,2023-07-18t01:51:00.000,603,gclp,landed,eggd,arrival
65e23e257a25c1a92386b4a9,2023-07-18t03:00:00.000,604,hegn,landed,eggd,arrival
65e23e257a25c1a92386b4aa,2023-07-18t02:47:00.000,605,ltbs,landed,eggd,arrival
65e23e257a25c1a92386b4ab,2023-07-18t23:40:00.000,606,gcts,landed,eggd,arrival
65e23e257a25c1a92386b4ac,2023-07-18t23:56:00.000,607,lppr,landed,eggd,arrival
65e23e257a25c1a92386b4ad,2023-07-19t00:06:00.000,608,lebl,landed,eggd,arrival
65e23e257a25c1a92386b4ae,2023-07-18t23:33:00.000,609,eidw,landed,eggd,arrival
65e23e257a25c1a92386b4af,2023-07-18t23:47:00.000,610,lepa,landed,eggd,arrival
65e23e257a25c1a92386b4b0,2023-07-19t00:21:00.000,611,lfmn,landed,eggd,arrival
65e23e257a25c1a92386b4b1,2023-07-19t00:52:00.000,612,lpfr,landed,eggd,arrival
65e23e257a25c1a92386b4b2,2023-07-19t01:11:00.000,613,lpfr,landed,eggd,arrival
65e23e257a25c1a92386b4b3,2023-07-19t01:42:00.000,614,lgrp,landed,eggd,arrival
65e23e257a25c1a92386b4b4,2023-07-19t01:19:00.000,615,gcts,landed,eggd,arrival
65e23e257a25c1a92386b4b5,2023-07-19t01:39:00.000,616,lgsa,landed,eggd,arrival
65e23e257a25c1a92386b4b6,2023-07-19t02:09:00.000,617,ltbs,landed,eggd,arrival
65e23e257a25c1a92386b4b7,2023-07-19t01:58:00.000,618,hegn,landed,eggd,arrival
65e23e257a25c1a92386b4b8,2023-07-19t02:27:00.000,619,ltai,landed,eggd,arrival
65e23e257a25c1a92386b4b9,2023-07-19t02:12:00.000,620,ltbs,landed,eggd,arrival
65e23e257a25c1a92386b4ba,2023-07-19t02:53:00.000,621,gvac,landed,eggd,arrival
65e23e257a25c1a92386b4bb,2023-07-19t23:55:00.000,622,lemd,landed,eggd,arrival
65e23e257a25c1a92386b4bc,2023-07-19t23:30:00.000,623,egpf,landed,eggd,arrival
65e23e257a25c1a92386b4bd,2023-07-19t23:45:00.000,624,lebl,landed,eggd,arrival
65e23e257a25c1a92386b4be,2023-07-19t23:52:00.000,625,lemg,landed,eggd,arrival
65e23e257a25c1a92386b4bf,2023-07-20t01:04:00.000,626,lgkf,landed,eggd,arrival
65e23e257a25c1a92386b4c0,2023-07-20t00:55:00.000,627,lpfr,landed,eggd,arrival
65e23e257a25c1a92386b4c1,2023-07-20t00:58:00.000,628,lclk,landed,eggd,arrival
65e23e257a25c1a92386b4c2,2023-07-20t01:37:00.000,629,ltai,landed,eggd,arrival
65e23e257a25c1a92386b4c3,2023-07-20t01:18:00.000,630,lcph,landed,eggd,arrival
65e23e257a25c1a92386b4c4,2023-07-20t01:11:00.000,631,hesh,landed,eggd,arrival
65e23e257a25c1a92386b4c5,2023-07-20t01:39:00.000,632,gclp,landed,eggd,arrival
65e23e257a25c1a92386b4c6,2023-07-20t02:00:00.000,633,lgav,landed,eggd,arrival
65e23e257a25c1a92386b4c7,2023-07-20t02:42:00.000,634,ltai,landed,eggd,arrival
65e23e257a25c1a92386b4c8,2023-07-20t02:45:00.000,635,lgko,landed,eggd,arrival
65e23e257a25c1a92386b4c9,2023-07-20t23:33:00.000,636,lppr,landed,eggd,arrival
65e23e257a25c1a92386b4ca,2023-07-20t23:31:00.000,637,lfbh,landed,eggd,arrival
65e23e257a25c1a92386b4cb,2023-07-20t23:50:00.000,638,lipz,landed,eggd,arrival
65e23e257a25c1a92386b4cc,2023-07-20t23:44:00.000,639,gcrr,landed,eggd,arrival
65e23e257a25c1a92386b4cd,2023-07-20t23:41:00.000,640,lgsk,landed,eggd,arrival
65e23e257a25c1a92386b4ce,2023-07-20t23:47:00.000,641,lebl,landed,eggd,arrival
65e23e257a25c1a92386b4cf,2023-07-20t23:37:00.000,642,ltbs,landed,eggd,arrival
65e23e257a25c1a92386b4d0,2023-07-21t00:49:00.000,643,lepa,landed,eggd,arrival
65e23e257a25c1a92386b4d1,2023-07-21t00:56:00.000,644,lpfr,landed,eggd,arrival
65e23e257a25c1a92386b4d2,2023-07-21t01:37:00.000,645,leal,landed,eggd,arrival
65e23e257a25c1a92386b4d3,2023-07-21t01:29:00.000,646,gclp,landed,eggd,arrival
65e23e257a25c1a92386b4d4,2023-07-21t02:33:00.000,647,ltfe,landed,eggd,arrival
65e23e257a25c1a92386b4d5,2023-07-21t02:45:00.000,648,ltai,landed,eggd,arrival
65e23e257a25c1a92386b4d6,2023-07-21t23:35:00.000,649,egaa,landed,eggd,arrival
65e23e257a25c1a92386b4d7,2023-07-21t23:32:00.000,650,leal,landed,eggd,arrival
65e23e257a25c1a92386b4d8,2023-07-22t00:12:00.000,651,lgrp,landed,eggd,arrival
65e23e257a25c1a92386b4d9,2023-07-21t23:41:00.000,652,lebl,landed,eggd,arrival
65e23e257a25c1a92386b4da,2023-07-21t23:58:00.000,653,lddu,landed,eggd,arrival
65e23e257a25c1a92386b4db,2023-07-21t23:47:00.000,654,lemg,landed,eggd,arrival
65e23e257a25c1a92386b4dc,2023-07-21t23:55:00.000,655,gcts,landed,eggd,arrival
65e23e257a25c1a92386b4dd,2023-07-22t00:44:00.000,656,lege,landed,eggd,arrival
65e23e257a25c1a92386b4de,2023-07-22t01:19:00.000,657,lgrp,landed,eggd,arrival
65e23e257a25c1a92386b4df,2023-07-22t01:04:00.000,658,lgkr,landed,eggd,arrival
65e23e257a25c1a92386b4e0,2023-07-22t00:55:00.000,659,lgmk,landed,eggd,arrival
65e23e257a25c1a92386b4e1,2023-07-22t00:41:00.000,660,lpfr,landed,eggd,arrival
65e23e257a25c1a92386b4e2,2023-07-22t01:13:00.000,661,leal,landed,eggd,arrival
65e23e257a25c1a92386b4e3,2023-07-22t02:11:00.000,662,ltbs,landed,eggd,arrival
65e23e257a25c1a92386b4e4,2023-07-22t02:56:00.000,663,ltbs,landed,eggd,arrival
65e23e257a25c1a92386b4e5,2023-07-22t03:31:00.000,664,hegn,landed,eggd,arrival
65e23e257a25c1a92386b4e6,2023-07-22t23:41:00.000,665,ltbs,landed,eggd,arrival
65e23e257a25c1a92386b4e7,2023-07-23t00:08:00.000,666,lege,landed,eggd,arrival
65e23e257a25c1a92386b4e8,2023-07-23t00:12:00.000,667,lcph,landed,eggd,arrival
65e23e257a25c1a92386b4e9,2023-07-22t23:36:00.000,668,lirn,landed,eggd,arrival
65e23e257a25c1a92386b4ea,2023-07-23t00:05:00.000,669,gcfv,landed,eggd,arrival
65e23e257a25c1a92386b4eb,2023-07-22t23:44:00.000,670,leal,landed,eggd,arrival
65e23e257a25c1a92386b4ec,2023-07-23t01:21:00.000,671,lgkf,landed,eggd,arrival
65e23e257a25c1a92386b4ed,2023-07-23t00:18:00.000,672,lpfr,landed,eggd,arrival
65e23e257a25c1a92386b4ee,2023-07-23t02:01:00.000,673,gclp,landed,eggd,arrival
65e23e257a25c1a92386b4ef,2023-07-23t01:18:00.000,674,hesh,landed,eggd,arrival
65e23e257a25c1a92386b4f0,2023-07-23t01:34:00.000,675,leal,landed,eggd,arrival
65e23e257a25c1a92386b4f1,2023-07-23t02:12:00.000,676,lgrp,landed,eggd,arrival
65e23e257a25c1a92386b4f2,2023-07-23t02:09:00.000,677,ltbs,landed,eggd,arrival
65e23e257a25c1a92386b4f3,2023-07-23t04:00:00.000,678,lgsa,landed,eggd,arrival
65e23e257a25c1a92386b4f4,2023-07-23t23:34:00.000,679,egnt,landed,eggd,arrival
65e23e257a25c1a92386b4f5,2023-07-23t23:56:00.000,680,lgkf,landed,eggd,arrival
65e23e257a25c1a92386b4f6,2023-07-23t23:53:00.000,681,gcrr,landed,eggd,arrival
65e23e257a25c1a92386b4f7,2023-07-23t23:31:00.000,682,lebl,landed,eggd,arrival
65e23e257a25c1a92386b4f8,2023-07-24t00:05:00.000,683,lirf,landed,eggd,arrival
65e23e257a25c1a92386b4f9,2023-07-24t00:27:00.000,684,egpf,landed,eggd,arrival
65e23e257a25c1a92386b4fa,2023-07-24t01:04:00.000,685,leib,landed,eggd,arrival
65e23e257a25c1a92386b4fb,2023-07-24t00:39:00.000,686,lcph,landed,eggd,arrival
65e23e257a25c1a92386b4fc,2023-07-24t01:20:00.000,687,lpfr,landed,eggd,arrival
65e23e257a25c1a92386b4fd,2023-07-24t00:48:00.000,688,gcts,landed,eggd,arrival
65e23e257a25c1a92386b4fe,2023-07-24t02:27:00.000,689,ltai,landed,eggd,arrival
65e23e257a25c1a92386b4ff,2023-07-24t01:58:00.000,690,lgav,landed,eggd,arrival
65e23e257a25c1a92386b500,2023-07-24t01:46:00.000,691,leal,landed,eggd,arrival
65e23e257a25c1a92386b501,2023-07-24t01:36:00.000,692,ltbs,landed,eggd,arrival
65e23e257a25c1a92386b502,2023-07-24t02:08:00.000,693,hesh,landed,eggd,arrival
65e23e257a25c1a92386b503,2023-07-24t04:08:00.000,694,lclk,landed,eggd,arrival
65e23e257a25c1a92386b504,2023-07-24t23:47:00.000,695,gclp,landed,eggd,arrival
65e23e257a25c1a92386b505,2023-07-24t23:38:00.000,696,egpf,landed,eggd,arrival
65e23e257a25c1a92386b506,2023-07-24t23:44:00.000,697,ltai,landed,eggd,arrival
65e23e257a25c1a92386b507,2023-07-24t23:59:00.000,698,lclk,landed,eggd,arrival
65e23e257a25c1a92386b508,2023-07-24t23:40:00.000,699,lebl,landed,eggd,arrival
65e23e257a25c1a92386b509,2023-07-25t00:22:00.000,700,dtnh,landed,eggd,arrival
65e23e257a25c1a92386b50a,2023-07-25t01:17:00.000,701,lbbg,landed,eggd,arrival
65e23e257a25c1a92386b50b,2023-07-25t02:33:00.000,702,gclp,landed,eggd,arrival
65e23e257a25c1a92386b50c,2023-07-25t02:51:00.000,703,hegn,landed,eggd,arrival
65e23e257a25c1a92386b50d,2023-07-25t03:10:00.000,704,ltbs,landed,eggd,arrival
65e23e257a25c1a92386b50e,2023-07-25t23:35:00.000,705,lgir,landed,eggd,arrival
65e23e257a25c1a92386b50f,2023-07-25t23:31:00.000,706,lirp,landed,eggd,arrival
65e23e257a25c1a92386b510,2023-07-26t00:01:00.000,707,evra,landed,eggd,arrival
65e23e257a25c1a92386b511,2023-07-25t23:43:00.000,708,egpf,landed,eggd,arrival
65e23e257a25c1a92386b512,2023-07-25t23:46:00.000,709,lebl,landed,eggd,arrival
65e23e257a25c1a92386b513,2023-07-25t23:50:00.000,710,eidw,landed,eggd,arrival
65e23e257a25c1a92386b514,2023-07-25t23:57:00.000,711,lepa,landed,eggd,arrival
65e23e257a25c1a92386b515,2023-07-25t23:54:00.000,712,lfmn,landed,eggd,arrival
65e23e257a25c1a92386b516,2023-07-26t01:01:00.000,713,lpfr,landed,eggd,arrival
65e23e257a25c1a92386b517,2023-07-26t01:11:00.000,714,lpfr,landed,eggd,arrival
65e23e257a25c1a92386b518,2023-07-26t01:53:00.000,715,leal,landed,eggd,arrival
65e23e257a25c1a92386b519,2023-07-26t01:39:00.000,716,gcts,landed,eggd,arrival
65e23e257a25c1a92386b51a,2023-07-26t02:26:00.000,717,ltbs,landed,eggd,arrival
65e23e257a25c1a92386b51b,2023-07-26t02:58:00.000,718,hegn,landed,eggd,arrival
65e23e257a25c1a92386b51c,2023-07-26t02:41:00.000,719,ltai,landed,eggd,arrival
65e23e257a25c1a92386b51d,2023-07-26t02:45:00.000,720,ltbs,landed,eggd,arrival
65e23e257a25c1a92386b51e,2023-07-26t02:34:00.000,721,gvac,landed,eggd,arrival
65e23e257a25c1a92386b51f,2023-07-26t23:49:00.000,722,lemg,landed,eggd,arrival
65e23e257a25c1a92386b520,2023-07-27t01:22:00.000,723,lgkf,landed,eggd,arrival
65e23e257a25c1a92386b521,2023-07-27t00:59:00.000,724,lpfr,landed,eggd,arrival
65e23e257a25c1a92386b522,2023-07-27t01:50:00.000,725,hesh,landed,eggd,arrival
65e23e257a25c1a92386b523,2023-07-27t01:20:00.000,726,gclp,landed,eggd,arrival
65e23e257a25c1a92386b524,2023-07-27t02:07:00.000,727,lgav,landed,eggd,arrival
65e23e257a25c1a92386b525,2023-07-27t02:27:00.000,728,ltai,landed,eggd,arrival
65e23e257a25c1a92386b526,2023-07-27t23:54:00.000,729,lipz,landed,eggd,arrival
65e23e257a25c1a92386b527,2023-07-27t23:59:00.000,730,lgsk,landed,eggd,arrival
65e23e257a25c1a92386b528,2023-07-27t23:31:00.000,731,egpf,landed,eggd,arrival
65e23e257a25c1a92386b529,2023-07-28t00:15:00.000,732,lebl,landed,eggd,arrival
65e23e257a25c1a92386b52a,2023-07-27t23:42:00.000,733,ltbs,landed,eggd,arrival
65e23e257a25c1a92386b52b,2023-07-28t00:03:00.000,734,ltfe,landed,eggd,arrival
65e23e257a25c1a92386b52c,2023-07-28t00:10:00.000,735,lgir,landed,eggd,arrival
65e23e257a25c1a92386b52d,2023-07-28t00:48:00.000,736,lepa,landed,eggd,arrival
65e23e257a25c1a92386b52e,2023-07-28t00:20:00.000,737,gcrr,landed,eggd,arrival
65e23e257a25c1a92386b52f,2023-07-28t01:12:00.000,738,lpfr,landed,eggd,arrival
65e23e257a25c1a92386b530,2023-07-28t01:17:00.000,739,ltai,landed,eggd,arrival
65e23e257a25c1a92386b531,2023-07-28t01:27:00.000,740,gclp,landed,eggd,arrival
65e23e257a25c1a92386b532,2023-07-28t02:35:00.000,741,ltfe,landed,eggd,arrival
65e23e257a25c1a92386b533,2023-07-28t02:45:00.000,742,ltai,landed,eggd,arrival
65e23e257a25c1a92386b534,2023-07-28t03:28:00.000,743,lclk,landed,eggd,arrival
65e23e257a25c1a92386b535,2023-07-28t23:35:00.000,744,leal,landed,eggd,arrival
65e23e257a25c1a92386b536,2023-07-28t23:49:00.000,745,lclk,landed,eggd,arrival
65e23e257a25c1a92386b537,2023-07-29t00:10:00.000,746,lgrp,landed,eggd,arrival
65e23e257a25c1a92386b538,2023-07-29t00:04:00.000,747,lirn,landed,eggd,arrival
65e23e257a25c1a92386b539,2023-07-28t23:42:00.000,748,lddu,landed,eggd,arrival
65e23e257a25c1a92386b53a,2023-07-29t00:24:00.000,749,ltbs,landed,eggd,arrival
65e23e257a25c1a92386b53b,2023-07-28t23:52:00.000,750,lemg,landed,eggd,arrival
65e23e257a25c1a92386b53c,2023-07-29t01:00:00.000,751,lege,landed,eggd,arrival
65e23e257a25c1a92386b53d,2023-07-29t01:09:00.000,752,lgmk,landed,eggd,arrival
65e23e257a25c1a92386b53e,2023-07-29t03:27:00.000,753,ltbs,landed,eggd,arrival
65e23e257a25c1a92386b53f,2023-07-29t03:39:00.000,754,hegn,landed,eggd,arrival
65e23e257a25c1a92386b540,2023-07-29t23:47:00.000,755,ltbs,landed,eggd,arrival
65e23e257a25c1a92386b541,2023-07-29t23:32:00.000,756,gclp,landed,eggd,arrival
65e23e257a25c1a92386b542,2023-07-29t23:35:00.000,757,lgrp,landed,eggd,arrival
65e23e257a25c1a92386b543,2023-07-30t00:11:00.000,758,lege,landed,eggd,arrival
65e23e257a25c1a92386b544,2023-07-29t23:57:00.000,759,lcph,landed,eggd,arrival
65e23e257a25c1a92386b545,2023-07-29t23:44:00.000,760,lirn,landed,eggd,arrival
65e23e257a25c1a92386b546,2023-07-29t23:53:00.000,761,gcfv,landed,eggd,arrival
65e23e257a25c1a92386b547,2023-07-30t00:02:00.000,762,leal,landed,eggd,arrival
65e23e257a25c1a92386b548,2023-07-30t00:47:00.000,763,leib,landed,eggd,arrival
65e23e257a25c1a92386b549,2023-07-30t00:26:00.000,764,lgkf,landed,eggd,arrival
65e23e257a25c1a92386b54a,2023-07-30t01:13:00.000,765,lpfr,landed,eggd,arrival
65e23e257a25c1a92386b54b,2023-07-30t01:33:00.000,766,lcph,landed,eggd,arrival
65e23e257a25c1a92386b54c,2023-07-30t00:58:00.000,767,gclp,landed,eggd,arrival
65e23e257a25c1a92386b54d,2023-07-30t01:52:00.000,768,hesh,landed,eggd,arrival
65e23e257a25c1a92386b54e,2023-07-30t01:48:00.000,769,lgrp,landed,eggd,arrival
65e23e257a25c1a92386b54f,2023-07-30t04:14:00.000,770,lgsa,landed,eggd,arrival
65e23e257a25c1a92386b550,2023-07-30t23:30:00.000,771,egnt,landed,eggd,arrival
65e23e257a25c1a92386b551,2023-07-30t23:37:00.000,772,lfpg,landed,eggd,arrival
65e23e257a25c1a92386b552,2023-07-30t23:33:00.000,773,ltbs,landed,eggd,arrival
65e23e257a25c1a92386b553,2023-07-30t23:39:00.000,774,lgko,landed,eggd,arrival
65e23e257a25c1a92386b554,2023-07-30t23:53:00.000,775,ltfe,landed,eggd,arrival
65e23e257a25c1a92386b555,2023-07-30t23:45:00.000,776,lgkf,landed,eggd,arrival
65e23e257a25c1a92386b556,2023-07-31t00:14:00.000,777,lirf,landed,eggd,arrival
65e23e257a25c1a92386b557,2023-07-31t00:39:00.000,778,leib,landed,eggd,arrival
65e23e257a25c1a92386b558,2023-07-31t00:49:00.000,779,gcrr,landed,eggd,arrival
65e23e257a25c1a92386b559,2023-07-31t00:53:00.000,780,lcph,landed,eggd,arrival
65e23e257a25c1a92386b55a,2023-07-31t01:48:00.000,781,ltai,landed,eggd,arrival
65e23e257a25c1a92386b55b,2023-07-31t01:53:00.000,782,ltai,landed,eggd,arrival
65e23e257a25c1a92386b55c,2023-07-31t02:15:00.000,783,lgav,landed,eggd,arrival
65e23e257a25c1a92386b55d,2023-07-31t02:31:00.000,784,leal,landed,eggd,arrival
65e23e257a25c1a92386b55e,2023-07-31t02:11:00.000,785,hesh,landed,eggd,arrival
65e23e257a25c1a92386b55f,2023-07-31t04:21:00.000,786,lclk,landed,eggd,arrival
65e23e257a25c1a92386b560,2023-07-31t23:33:00.000,787,egpf,landed,eggd,arrival
65e23e257a25c1a92386b561,2023-07-31t23:30:00.000,788,lclk,landed,eggd,arrival
65e23e257a25c1a92386b562,2023-07-31t23:43:00.000,789,gmmx,landed,eggd,arrival
65e23e257a25c1a92386b563,2023-07-31t23:40:00.000,790,lebl,landed,eggd,arrival
65e23e257a25c1a92386b564,2023-07-31t23:36:00.000,791,ltai,landed,eggd,arrival
65e23e257a25c1a92386b565,2023-08-01t00:15:00.000,792,ltbs,landed,eggd,arrival
65e23e257a25c1a92386b566,2023-08-01t00:04:00.000,793,dtnh,landed,eggd,arrival
65e23e257a25c1a92386b567,2023-08-01t01:56:00.000,794,lgsa,landed,eggd,arrival
65e23e257a25c1a92386b568,2023-08-01t01:39:00.000,795,lgmk,landed,eggd,arrival
65e23e257a25c1a92386b569,2023-08-01t01:30:00.000,796,lgkr,landed,eggd,arrival
65e23e257a25c1a92386b56a,2023-08-01t02:09:00.000,797,leal,landed,eggd,arrival
65e23e257a25c1a92386b56b,2023-08-01t02:26:00.000,798,gclp,landed,eggd,arrival
65e23e257a25c1a92386b56c,2023-08-01t02:40:00.000,799,hegn,landed,eggd,arrival
65e23e257a25c1a92386b56d,2023-08-01t02:59:00.000,800,ltbs,landed,eggd,arrival
65e23e257a25c1a92386b56e,2023-08-01t23:36:00.000,801,evra,landed,eggd,arrival
65e23e257a25c1a92386b56f,2023-08-02t00:03:00.000,802,lppr,landed,eggd,arrival
65e23e257a25c1a92386b570,2023-08-02t00:18:00.000,803,eidw,landed,eggd,arrival
65e23e257a25c1a92386b571,2023-08-01t23:40:00.000,804,lepa,landed,eggd,arrival
65e23e257a25c1a92386b572,2023-08-02t00:06:00.000,805,lfmn,landed,eggd,arrival
65e23e257a25c1a92386b573,2023-08-02t00:24:00.000,806,lpfr,landed,eggd,arrival
65e23e257a25c1a92386b574,2023-08-02t00:22:00.000,807,lpfr,landed,eggd,arrival
65e23e257a25c1a92386b575,2023-08-02t01:42:00.000,808,gcts,landed,eggd,arrival
65e23e257a25c1a92386b576,2023-08-02t01:54:00.000,809,lgsa,landed,eggd,arrival
65e23e257a25c1a92386b577,2023-08-02t02:09:00.000,810,ltbs,landed,eggd,arrival
65e23e257a25c1a92386b578,2023-08-02t02:30:00.000,811,ltai,landed,eggd,arrival
65e23e257a25c1a92386b579,2023-08-02t02:57:00.000,812,ltai,landed,eggd,arrival
65e23e257a25c1a92386b57a,2023-08-02t02:38:00.000,813,ltbs,landed,eggd,arrival
65e23e257a25c1a92386b57b,2023-08-02t02:18:00.000,814,gvac,landed,eggd,arrival
65e23e257a25c1a92386b57c,2023-08-02t02:13:00.000,815,hegn,landed,eggd,arrival
65e23e257a25c1a92386b57d,2023-08-02t23:40:00.000,816,lemd,landed,eggd,arrival
65e23e257a25c1a92386b57e,2023-08-02t23:43:00.000,817,eddk,landed,eggd,arrival
65e23e257a25c1a92386b57f,2023-08-02t23:56:00.000,818,lpfr,landed,eggd,arrival
65e23e257a25c1a92386b580,2023-08-03t00:03:00.000,819,lemg,landed,eggd,arrival
65e23e257a25c1a92386b581,2023-08-03t00:30:00.000,820,lgkf,landed,eggd,arrival
65e23e257a25c1a92386b582,2023-08-03t00:33:00.000,821,lgir,landed,eggd,arrival
65e23e257a25c1a92386b583,2023-08-03t00:55:00.000,822,lclk,landed,eggd,arrival
65e23e257a25c1a92386b584,2023-08-03t01:21:00.000,823,ltai,landed,eggd,arrival
65e23e257a25c1a92386b585,2023-08-03t01:09:00.000,824,lcph,landed,eggd,arrival
65e23e257a25c1a92386b586,2023-08-03t01:11:00.000,825,hesh,landed,eggd,arrival
65e23e257a25c1a92386b587,2023-08-03t01:57:00.000,826,gclp,landed,eggd,arrival
65e23e257a25c1a92386b588,2023-08-03t01:59:00.000,827,ltbs,landed,eggd,arrival
65e23e257a25c1a92386b589,2023-08-03t02:07:00.000,828,lgav,landed,eggd,arrival
65e23e257a25c1a92386b58a,2023-08-03t02:22:00.000,829,ltai,landed,eggd,arrival
65e23e257a25c1a92386b58b,2023-08-03t02:25:00.000,830,lgko,landed,eggd,arrival
65e23e257a25c1a92386b58c,2023-08-03t23:48:00.000,831,lgsk,landed,eggd,arrival
65e23e257a25c1a92386b58d,2023-08-03t23:30:00.000,832,egpf,landed,eggd,arrival
65e23e257a25c1a92386b58e,2023-08-03t23:35:00.000,833,ltbs,landed,eggd,arrival
65e23e257a25c1a92386b58f,2023-08-04t00:21:00.000,834,ltfe,landed,eggd,arrival
65e23e257a25c1a92386b590,2023-08-03t23:57:00.000,835,lgir,landed,eggd,arrival
65e23e257a25c1a92386b591,2023-08-04t00:45:00.000,836,lepa,landed,eggd,arrival
65e23e257a25c1a92386b592,2023-08-04t00:30:00.000,837,gcrr,landed,eggd,arrival
65e23e257a25c1a92386b593,2023-08-04t01:39:00.000,838,lpfr,landed,eggd,arrival
65e23e257a25c1a92386b594,2023-08-04t01:11:00.000,839,leal,landed,eggd,arrival
65e23e257a25c1a92386b595,2023-08-04t01:04:00.000,840,ltai,landed,eggd,arrival
65e23e257a25c1a92386b596,2023-08-04t01:34:00.000,841,gclp,landed,eggd,arrival
65e23e257a25c1a92386b597,2023-08-04t01:59:00.000,842,ltfe,landed,eggd,arrival
65e23e257a25c1a92386b598,2023-08-04t02:23:00.000,843,ltai,landed,eggd,arrival
65e23e257a25c1a92386b599,2023-08-04t03:35:00.000,844,lclk,landed,eggd,arrival
65e23e257a25c1a92386b59a,2023-08-04t23:37:00.000,845,ltai,landed,eggd,arrival
65e23e257a25c1a92386b59b,2023-08-05t00:06:00.000,846,lclk,landed,eggd,arrival
65e23e257a25c1a92386b59c,2023-08-04t23:40:00.000,847,lgrp,landed,eggd,arrival
65e23e257a25c1a92386b59d,2023-08-04t23:52:00.000,848,lirn,landed,eggd,arrival
65e23e257a25c1a92386b59e,2023-08-04t23:35:00.000,849,lebl,landed,eggd,arrival
65e23e257a25c1a92386b59f,2023-08-04t23:43:00.000,850,lddu,landed,eggd,arrival
65e23e257a25c1a92386b5a0,2023-08-05t00:08:00.000,851,lemg,landed,eggd,arrival
65e23e257a25c1a92386b5a1,2023-08-05t00:01:00.000,852,gcts,landed,eggd,arrival
65e23e257a25c1a92386b5a2,2023-08-05t00:28:00.000,853,lege,landed,eggd,arrival
65e23e257a25c1a92386b5a3,2023-08-05t01:11:00.000,854,lgrp,landed,eggd,arrival
65e23e257a25c1a92386b5a4,2023-08-05t01:30:00.000,855,lgkr,landed,eggd,arrival
65e23e257a25c1a92386b5a5,2023-08-05t00:54:00.000,856,lgmk,landed,eggd,arrival
65e23e257a25c1a92386b5a6,2023-08-05t01:23:00.000,857,lpfr,landed,eggd,arrival
65e23e257a25c1a92386b5a7,2023-08-05t01:21:00.000,858,leal,landed,eggd,arrival
65e23e257a25c1a92386b5a8,2023-08-05t02:50:00.000,859,ltbs,landed,eggd,arrival
65e23e257a25c1a92386b5a9,2023-08-05t03:14:00.000,860,hegn,landed,eggd,arrival
65e23e257a25c1a92386b5aa,2023-08-05t23:36:00.000,861,gcfv,landed,eggd,arrival
65e23e257a25c1a92386b5ab,2023-08-05t23:30:00.000,862,lppr,landed,eggd,arrival
65e23e257a25c1a92386b5ac,2023-08-05t23:57:00.000,863,gclp,landed,eggd,arrival
65e23e257a25c1a92386b5ad,2023-08-05t23:38:00.000,864,lgrp,landed,eggd,arrival
65e23e257a25c1a92386b5ae,2023-08-05t23:44:00.000,865,lege,landed,eggd,arrival
65e23e257a25c1a92386b5af,2023-08-05t23:48:00.000,866,lcph,landed,eggd,arrival
65e23e257a25c1a92386b5b0,2023-08-06t00:03:00.000,867,lirn,landed,eggd,arrival
65e23e257a25c1a92386b5b1,2023-08-06t00:32:00.000,868,gcfv,landed,eggd,arrival
65e23e257a25c1a92386b5b2,2023-08-05t23:51:00.000,869,leal,landed,eggd,arrival
65e23e257a25c1a92386b5b3,2023-08-06t01:14:00.000,870,lgrp,landed,eggd,arrival
65e23e257a25c1a92386b5b4,2023-08-06t00:30:00.000,871,lpfr,landed,eggd,arrival
65e23e257a25c1a92386b5b5,2023-08-06t01:29:00.000,872,lcph,landed,eggd,arrival
65e23e257a25c1a92386b5b6,2023-07-14t05:53:00.000,873,lgkr,active,eggd,departure
65e23e257a25c1a92386b5b7,2023-07-30t05:59:00.000,874,eikn,active,eggd,departure
65e23e257a25c1a92386b5b8,2023-07-31t02:17:00.000,875,egpf,active,eggd,departure
65e23e257a25c1a92386b5b9,2023-08-01t05:59:00.000,876,gcts,active,eggd,departure
65e23e257a25c1a92386b5ba,2023-08-03t05:59:00.000,877,eidw,active,eggd,departure
65e23e257a25c1a92386b5bb,2023-08-04t05:58:00.000,878,lgkr,active,eggd,departure
65e23e257a25c1a92386b5bc,2023-08-06t00:58:00.000,879,gclp,landed,eggd,arrival
65e23e257a25c1a92386b5bd,2023-08-06t01:57:00.000,880,leal,landed,eggd,arrival
65e23e257a25c1a92386b5be,2023-08-06t01:59:00.000,881,lgrp,landed,eggd,arrival
65e23e257a25c1a92386b5bf,2023-08-06t02:45:00.000,882,ltbs,landed,eggd,arrival
65e23e257a25c1a92386b5c0,2023-08-06t04:21:00.000,883,lgsa,landed,eggd,arrival
65e23e257a25c1a92386b5c1,2023-08-06t23:53:00.000,884,lgko,landed,eggd,arrival
65e23e257a25c1a92386b5c2,2023-08-06t23:43:00.000,885,gcrr,landed,eggd,arrival
65e23e257a25c1a92386b5c3,2023-08-06t23:33:00.000,886,lebl,landed,eggd,arrival
65e23e257a25c1a92386b5c4,2023-08-06t23:30:00.000,887,egpf,landed,eggd,arrival
65e23e257a25c1a92386b5c5,2023-08-07t00:54:00.000,888,gcrr,landed,eggd,arrival
65e23e257a25c1a92386b5c6,2023-08-07t00:27:00.000,889,lcph,landed,eggd,arrival
65e23e257a25c1a92386b5c7,2023-08-07t00:58:00.000,890,lpfr,landed,eggd,arrival
65e23e257a25c1a92386b5c8,2023-08-07t01:25:00.000,891,gcts,landed,eggd,arrival
65e23e257a25c1a92386b5c9,2023-08-07t01:46:00.000,892,ltai,landed,eggd,arrival
65e23e257a25c1a92386b5ca,2023-08-07t01:43:00.000,893,ltai,landed,eggd,arrival
65e23e257a25c1a92386b5cb,2023-08-07t01:51:00.000,894,leal,landed,eggd,arrival
65e23e257a25c1a92386b5cc,2023-08-07t02:23:00.000,895,ltbs,landed,eggd,arrival
65e23e257a25c1a92386b5cd,2023-08-07t02:17:00.000,896,hesh,landed,eggd,arrival
65e23e257a25c1a92386b5ce,2023-08-07t04:01:00.000,897,lclk,landed,eggd,arrival
65e23e257a25c1a92386b5cf,2023-08-07t23:40:00.000,898,lgir,landed,eggd,arrival
65e23e257a25c1a92386b5d0,2023-08-07t23:43:00.000,899,egpf,landed,eggd,arrival
65e23e257a25c1a92386b5d1,2023-08-07t23:50:00.000,900,ltai,landed,eggd,arrival
65e23e257a25c1a92386b5d2,2023-08-07t23:37:00.000,901,gmmx,landed,eggd,arrival
65e23e257a25c1a92386b5d3,2023-08-07t23:54:00.000,902,lebl,landed,eggd,arrival
65e23e257a25c1a92386b5d4,2023-08-07t23:35:00.000,903,ltai,landed,eggd,arrival
65e23e257a25c1a92386b5d5,2023-08-07t23:58:00.000,904,ltbs,landed,eggd,arrival
65e23e257a25c1a92386b5d6,2023-08-08t00:04:00.000,905,dtnh,landed,eggd,arrival
65e23e257a25c1a92386b5d7,2023-08-08t01:04:00.000,906,lepa,landed,eggd,arrival
65e23e257a25c1a92386b5d8,2023-08-08t00:39:00.000,907,lpfr,landed,eggd,arrival
65e23e257a25c1a92386b5d9,2023-08-08t01:21:00.000,908,lbbg,landed,eggd,arrival
65e23e257a25c1a92386b5da,2023-08-08t01:15:00.000,909,lgmk,landed,eggd,arrival
65e23e257a25c1a92386b5db,2023-08-08t01:18:00.000,910,leib,landed,eggd,arrival
65e23e257a25c1a92386b5dc,2023-08-08t01:42:00.000,911,lgkr,landed,eggd,arrival
65e23e257a25c1a92386b5dd,2023-08-08t02:09:00.000,912,gclp,landed,eggd,arrival
65e23e257a25c1a92386b5de,2023-08-08t02:21:00.000,913,hegn,landed,eggd,arrival
65e23e257a25c1a92386b5df,2023-08-08t02:58:00.000,914,ltbs,landed,eggd,arrival
65e23e257a25c1a92386b5e0,2023-08-08t23:32:00.000,915,evra,landed,eggd,arrival
65e23e257a25c1a92386b5e1,2023-08-08t23:47:00.000,916,lppr,landed,eggd,arrival
65e23e257a25c1a92386b5e2,2023-08-09t00:08:00.000,917,egpf,landed,eggd,arrival
65e23e257a25c1a92386b5e3,2023-08-08t23:39:00.000,918,lebl,landed,eggd,arrival
65e23e257a25c1a92386b5e4,2023-08-08t23:43:00.000,919,lepa,landed,eggd,arrival
65e23e257a25c1a92386b5e5,2023-08-09t00:39:00.000,920,lemd,landed,eggd,arrival
65e23e257a25c1a92386b5e6,2023-08-09t00:16:00.000,921,lfmn,landed,eggd,arrival
65e23e257a25c1a92386b5e7,2023-08-09t01:08:00.000,922,lpfr,landed,eggd,arrival
65e23e257a25c1a92386b5e8,2023-08-09t00:22:00.000,923,lpfr,landed,eggd,arrival
65e23e257a25c1a92386b5e9,2023-08-09t01:30:00.000,924,leal,landed,eggd,arrival
65e23e257a25c1a92386b5ea,2023-08-09t01:43:00.000,925,lgrp,landed,eggd,arrival
65e23e257a25c1a92386b5eb,2023-08-09t01:22:00.000,926,gcts,landed,eggd,arrival
65e23e257a25c1a92386b5ec,2023-08-09t01:50:00.000,927,lgsa,landed,eggd,arrival
65e23e257a25c1a92386b5ed,2023-08-09t02:15:00.000,928,ltbs,landed,eggd,arrival
65e23e257a25c1a92386b5ee,2023-08-09t02:04:00.000,929,hegn,landed,eggd,arrival
65e23e257a25c1a92386b5ef,2023-08-09t02:37:00.000,930,ltai,landed,eggd,arrival
65e23e257a25c1a92386b5f0,2023-08-09t02:48:00.000,931,ltai,landed,eggd,arrival
65e23e257a25c1a92386b5f1,2023-08-09t02:43:00.000,932,ltbs,landed,eggd,arrival
65e23e257a25c1a92386b5f2,2023-08-09t02:31:00.000,933,gvac,landed,eggd,arrival
65e23e257a25c1a92386b5f3,2023-08-09t23:53:00.000,934,lime,landed,eggd,arrival
65e23e257a25c1a92386b5f4,2023-08-09t23:32:00.000,935,lebl,landed,eggd,arrival
65e23e257a25c1a92386b5f5,2023-08-09t23:56:00.000,936,lemg,landed,eggd,arrival
65e23e257a25c1a92386b5f6,2023-08-10t00:38:00.000,937,lgkf,landed,eggd,arrival
65e23e257a25c1a92386b5f7,2023-08-10t00:59:00.000,938,lgir,landed,eggd,arrival
65e23e257a25c1a92386b5f8,2023-08-10t01:16:00.000,939,lpfr,landed,eggd,arrival
65e23e257a25c1a92386b5f9,2023-08-10t01:02:00.000,940,lclk,landed,eggd,arrival
65e23e257a25c1a92386b5fa,2023-08-10t00:56:00.000,941,ltai,landed,eggd,arrival
65e23e257a25c1a92386b5fb,2023-08-10t01:35:00.000,942,lcph,landed,eggd,arrival
65e23e257a25c1a92386b5fc,2023-08-10t01:13:00.000,943,hesh,landed,eggd,arrival
65e23e257a25c1a92386b5fd,2023-08-10t01:59:00.000,944,gclp,landed,eggd,arrival
65e23e257a25c1a92386b5fe,2023-08-10t02:18:00.000,945,ltbs,landed,eggd,arrival
65e23e257a25c1a92386b5ff,2023-08-10t02:15:00.000,946,lgav,landed,eggd,arrival
65e23e257a25c1a92386b600,2023-08-10t02:11:00.000,947,ltai,landed,eggd,arrival
65e23e257a25c1a92386b601,2023-08-10t02:21:00.000,948,lgko,landed,eggd,arrival
65e23e257a25c1a92386b602,2023-08-10t23:36:00.000,949,lfbh,landed,eggd,arrival
65e23e257a25c1a92386b603,2023-08-11t00:03:00.000,950,lipz,landed,eggd,arrival
65e23e257a25c1a92386b604,2023-08-10t23:43:00.000,951,lgsk,landed,eggd,arrival
65e23e257a25c1a92386b605,2023-08-10t23:40:00.000,952,ltbs,landed,eggd,arrival
65e23e257a25c1a92386b606,2023-08-11t00:06:00.000,953,ltfe,landed,eggd,arrival
65e23e257a25c1a92386b607,2023-08-11t00:12:00.000,954,lgir,landed,eggd,arrival
65e23e257a25c1a92386b608,2023-08-11t00:43:00.000,955,lepa,landed,eggd,arrival
65e23e257a25c1a92386b609,2023-08-11t00:59:00.000,956,lpfr,landed,eggd,arrival
65e23e257a25c1a92386b60a,2023-08-11t01:07:00.000,957,ltai,landed,eggd,arrival
65e23e257a25c1a92386b60b,2023-08-11t01:41:00.000,958,gclp,landed,eggd,arrival
65e23e257a25c1a92386b60c,2023-08-11t02:14:00.000,959,ltfe,landed,eggd,arrival
65e23e257a25c1a92386b60d,2023-08-11t02:54:00.000,960,ltai,landed,eggd,arrival
65e23e257a25c1a92386b60e,2023-08-11t23:31:00.000,961,egpf,landed,eggd,arrival
65e23e257a25c1a92386b60f,2023-08-12t00:03:00.000,962,ltai,landed,eggd,arrival
65e23e257a25c1a92386b610,2023-08-11t23:39:00.000,963,lirn,landed,eggd,arrival
65e23e257a25c1a92386b611,2023-08-11t23:50:00.000,964,lemd,landed,eggd,arrival
65e23e257a25c1a92386b612,2023-08-11t23:37:00.000,965,lddu,landed,eggd,arrival
65e23e257a25c1a92386b613,2023-08-11t23:59:00.000,966,ltbs,landed,eggd,arrival
65e23e257a25c1a92386b614,2023-08-12t00:41:00.000,967,gcts,landed,eggd,arrival
65e23e257a25c1a92386b615,2023-08-12t01:03:00.000,968,lege,landed,eggd,arrival
65e23e257a25c1a92386b616,2023-08-12t01:30:00.000,969,lgrp,landed,eggd,arrival
65e23e257a25c1a92386b617,2023-08-12t00:58:00.000,970,lgkr,landed,eggd,arrival
65e23e257a25c1a92386b618,2023-08-12t00:25:00.000,971,lgmk,landed,eggd,arrival
65e23e257a25c1a92386b619,2023-08-12t01:06:00.000,972,lpfr,landed,eggd,arrival
65e23e257a25c1a92386b61a,2023-08-12t02:10:00.000,973,ltbs,landed,eggd,arrival
65e23e257a25c1a92386b61b,2023-08-12t02:58:00.000,974,ltbs,landed,eggd,arrival
65e23e257a25c1a92386b61c,2023-08-12t03:31:00.000,975,hegn,landed,eggd,arrival
65e23e257a25c1a92386b61d,2023-08-12t23:35:00.000,976,gcfv,landed,eggd,arrival
65e23e257a25c1a92386b61e,2023-08-12t23:38:00.000,977,lppr,landed,eggd,arrival
65e23e257a25c1a92386b61f,2023-08-12t23:32:00.000,978,gclp,landed,eggd,arrival
65e23e257a25c1a92386b620,2023-08-12t23:41:00.000,979,lepa,landed,eggd,arrival
65e23e257a25c1a92386b621,2023-08-12t23:52:00.000,980,lege,landed,eggd,arrival
65e23e257a25c1a92386b622,2023-08-13t00:11:00.000,981,lirn,landed,eggd,arrival
65e23e257a25c1a92386b623,2023-08-12t23:50:00.000,982,gcfv,landed,eggd,arrival
65e23e257a25c1a92386b624,2023-08-12t23:45:00.000,983,leal,landed,eggd,arrival
65e23e257a25c1a92386b625,2023-08-13t00:14:00.000,984,leib,landed,eggd,arrival
65e23e257a25c1a92386b626,2023-08-13t01:22:00.000,985,lpfr,landed,eggd,arrival
65e23e257a25c1a92386b627,2023-08-13t01:07:00.000,986,lcph,landed,eggd,arrival
65e23e257a25c1a92386b628,2023-08-13t01:45:00.000,987,gclp,landed,eggd,arrival
65e23e257a25c1a92386b629,2023-08-13t01:31:00.000,988,lgrp,landed,eggd,arrival
65e23e257a25c1a92386b62a,2023-08-13t02:12:00.000,989,ltbs,landed,eggd,arrival
65e23e257a25c1a92386b62b,2023-08-13t03:39:00.000,990,lgsa,landed,eggd,arrival
65e23e257a25c1a92386b62c,2023-08-13t23:44:00.000,991,lgko,landed,eggd,arrival
65e23e257a25c1a92386b62d,2023-08-13t23:59:00.000,992,ltfe,landed,eggd,arrival
65e23e257a25c1a92386b62e,2023-08-13t23:41:00.000,993,lebl,landed,eggd,arrival
65e23e257a25c1a92386b62f,2023-08-13t23:38:00.000,994,leal,landed,eggd,arrival
65e23e257a25c1a92386b630,2023-08-13t23:54:00.000,995,lirf,landed,eggd,arrival
65e23e257a25c1a92386b631,2023-08-14t00:29:00.000,996,egpf,landed,eggd,arrival
65e23e257a25c1a92386b632,2023-08-14t00:34:00.000,997,leib,landed,eggd,arrival
65e23e257a25c1a92386b633,2023-08-14t00:25:00.000,998,gcrr,landed,eggd,arrival
65e23e257a25c1a92386b634,2023-08-14t00:42:00.000,999,lcph,landed,eggd,arrival
65e23e257a25c1a92386b635,2023-08-14t01:01:00.000,1000,lpfr,landed,eggd,arrival
65e23e267a25c1a92386b636,2023-08-14t01:09:00.000,1001,gcts,landed,eggd,arrival
65e23e267a25c1a92386b637,2023-08-14t01:17:00.000,1002,ltai,landed,eggd,arrival
65e23e267a25c1a92386b638,2023-08-14t01:52:00.000,1003,ltai,landed,eggd,arrival
65e23e267a25c1a92386b639,2023-08-14t01:36:00.000,1004,lgav,landed,eggd,arrival
65e23e267a25c1a92386b63a,2023-08-14t02:38:00.000,1005,leal,landed,eggd,arrival
65e23e267a25c1a92386b63b,2023-08-14t02:08:00.000,1006,ltbs,landed,eggd,arrival
65e23e267a25c1a92386b63c,2023-08-14t02:14:00.000,1007,hesh,landed,eggd,arrival
65e23e267a25c1a92386b63d,2023-08-14t03:31:00.000,1008,lclk,landed,eggd,arrival
65e23e267a25c1a92386b63e,2023-08-14t23:44:00.000,1009,egaa,landed,eggd,arrival
65e23e267a25c1a92386b63f,2023-08-14t23:47:00.000,1010,lfrs,landed,eggd,arrival
65e23e267a25c1a92386b640,2023-08-14t23:32:00.000,1011,gclp,landed,eggd,arrival
65e23e267a25c1a92386b641,2023-08-14t23:30:00.000,1012,ltai,landed,eggd,arrival
65e23e267a25c1a92386b642,2023-08-14t23:37:00.000,1013,gmmx,landed,eggd,arrival
65e23e267a25c1a92386b643,2023-08-14t23:34:00.000,1014,lebl,landed,eggd,arrival
65e23e267a25c1a92386b644,2023-08-15t00:02:00.000,1015,dtnh,landed,eggd,arrival
65e23e267a25c1a92386b645,2023-08-15t01:22:00.000,1016,lgsa,landed,eggd,arrival
65e23e267a25c1a92386b646,2023-08-15t01:01:00.000,1017,lgmk,landed,eggd,arrival
65e23e267a25c1a92386b647,2023-08-15t02:00:00.000,1018,leib,landed,eggd,arrival
65e23e267a25c1a92386b648,2023-08-15t01:07:00.000,1019,lgkr,landed,eggd,arrival
65e23e267a25c1a92386b649,2023-08-15t02:17:00.000,1020,gclp,landed,eggd,arrival
65e23e267a25c1a92386b64a,2023-08-15t02:40:00.000,1021,hegn,landed,eggd,arrival
65e23e267a25c1a92386b64b,2023-08-15t02:44:00.000,1022,ltbs,landed,eggd,arrival
65e23e267a25c1a92386b64c,2023-08-15t23:59:00.000,1023,evra,landed,eggd,arrival
65e23e267a25c1a92386b64d,2023-08-15t23:33:00.000,1024,gcts,landed,eggd,arrival
65e23e267a25c1a92386b64e,2023-08-15t23:36:00.000,1025,lppr,landed,eggd,arrival
65e23e267a25c1a92386b64f,2023-08-16t00:06:00.000,1026,eidw,landed,eggd,arrival
65e23e267a25c1a92386b650,2023-08-15t23:57:00.000,1027,lemd,landed,eggd,arrival
65e23e267a25c1a92386b651,2023-08-16t00:58:00.000,1028,lfmn,landed,eggd,arrival
65e23e267a25c1a92386b652,2023-08-16t01:00:00.000,1029,lpfr,landed,eggd,arrival
65e23e267a25c1a92386b653,2023-08-16t00:34:00.000,1030,lpfr,landed,eggd,arrival
65e23e267a25c1a92386b654,2023-08-16t01:33:00.000,1031,leal,landed,eggd,arrival
65e23e267a25c1a92386b655,2023-08-16t01:18:00.000,1032,gcts,landed,eggd,arrival
65e23e267a25c1a92386b656,2023-08-16t02:22:00.000,1033,ltbs,landed,eggd,arrival
65e23e267a25c1a92386b657,2023-08-16t01:57:00.000,1034,hegn,landed,eggd,arrival
65e23e267a25c1a92386b658,2023-08-16t02:19:00.000,1035,ltai,landed,eggd,arrival
65e23e267a25c1a92386b659,2023-08-16t02:44:00.000,1036,ltai,landed,eggd,arrival
65e23e267a25c1a92386b65a,2023-08-16t02:00:00.000,1037,ltbs,landed,eggd,arrival
65e23e267a25c1a92386b65b,2023-08-16t02:56:00.000,1038,gvac,landed,eggd,arrival
65e23e267a25c1a92386b65c,2023-08-16t23:33:00.000,1039,eham,landed,eggd,arrival
65e23e267a25c1a92386b65d,2023-08-16t23:33:00.000,1040,eham,landed,eggd,arrival
65e23e267a25c1a92386b65e,2023-08-16t23:33:00.000,1041,eham,landed,eggd,arrival
65e23e267a25c1a92386b65f,2023-08-16t23:57:00.000,1042,lemg,landed,eggd,arrival
65e23e267a25c1a92386b660,2023-08-17t01:04:00.000,1043,lgkf,landed,eggd,arrival
65e23e267a25c1a92386b661,2023-08-17t00:38:00.000,1044,lclk,landed,eggd,arrival
65e23e267a25c1a92386b662,2023-08-17t02:02:00.000,1045,leal,landed,eggd,arrival
65e23e267a25c1a92386b663,2023-08-17t01:29:00.000,1046,ltai,landed,eggd,arrival
65e23e267a25c1a92386b664,2023-08-17t01:01:00.000,1047,lcph,landed,eggd,arrival
65e23e267a25c1a92386b665,2023-08-17t01:27:00.000,1048,hesh,landed,eggd,arrival
65e23e267a25c1a92386b666,2023-08-17t01:35:00.000,1049,gclp,landed,eggd,arrival
65e23e267a25c1a92386b667,2023-08-17t02:10:00.000,1050,ltbs,landed,eggd,arrival
65e23e267a25c1a92386b668,2023-08-17t02:39:00.000,1051,lgko,landed,eggd,arrival
65e23e267a25c1a92386b669,2023-08-17t23:36:00.000,1052,egnt,landed,eggd,arrival
65e23e267a25c1a92386b66a,2023-08-17t23:33:00.000,1053,lfbh,landed,eggd,arrival
65e23e267a25c1a92386b66b,2023-08-18t00:00:00.000,1054,lipz,landed,eggd,arrival
65e23e267a25c1a92386b66c,2023-08-18t00:05:00.000,1055,lgsk,landed,eggd,arrival
65e23e267a25c1a92386b66d,2023-08-18t00:11:00.000,1056,lebl,landed,eggd,arrival
65e23e267a25c1a92386b66e,2023-08-18t00:08:00.000,1057,ltbs,landed,eggd,arrival
65e23e267a25c1a92386b66f,2023-08-18t00:34:00.000,1058,ltfe,landed,eggd,arrival
65e23e267a25c1a92386b670,2023-08-18t00:21:00.000,1059,lgir,landed,eggd,arrival
65e23e267a25c1a92386b671,2023-08-18t01:22:00.000,1060,lpfr,landed,eggd,arrival
65e23e267a25c1a92386b672,2023-08-18t01:20:00.000,1061,ltai,landed,eggd,arrival
65e23e267a25c1a92386b673,2023-08-18t02:18:00.000,1062,ltfe,landed,eggd,arrival
65e23e267a25c1a92386b674,2023-08-18t03:14:00.000,1063,lclk,landed,eggd,arrival
65e23e267a25c1a92386b675,2023-08-18t23:35:00.000,1064,egaa,landed,eggd,arrival
65e23e267a25c1a92386b676,2023-08-18t23:39:00.000,1065,lclk,landed,eggd,arrival
65e23e267a25c1a92386b677,2023-08-19t00:03:00.000,1066,lebl,landed,eggd,arrival
65e23e267a25c1a92386b678,2023-08-18t23:46:00.000,1067,lemd,landed,eggd,arrival
65e23e267a25c1a92386b679,2023-08-18t23:31:00.000,1068,lddu,landed,eggd,arrival
65e23e267a25c1a92386b67a,2023-08-18t23:48:00.000,1069,lemg,landed,eggd,arrival
65e23e267a25c1a92386b67b,2023-08-19t00:10:00.000,1070,gcts,landed,eggd,arrival
65e23e267a25c1a92386b67c,2023-08-19t01:20:00.000,1071,lege,landed,eggd,arrival
65e23e267a25c1a92386b67d,2023-08-19t01:16:00.000,1072,lgkr,landed,eggd,arrival
65e23e267a25c1a92386b67e,2023-08-19t01:29:00.000,1073,lgmk,landed,eggd,arrival
65e23e267a25c1a92386b67f,2023-08-19t02:33:00.000,1074,ltbs,landed,eggd,arrival
65e23e267a25c1a92386b680,2023-08-19t02:52:00.000,1075,ltbs,landed,eggd,arrival
65e23e267a25c1a92386b681,2023-08-19t23:33:00.000,1076,lemh,landed,eggd,arrival
65e23e267a25c1a92386b682,2023-08-20t00:05:00.000,1077,ltbs,landed,eggd,arrival
65e23e267a25c1a92386b683,2023-08-19t23:36:00.000,1078,gclp,landed,eggd,arrival
65e23e267a25c1a92386b684,2023-08-19t23:58:00.000,1079,lgrp,landed,eggd,arrival
65e23e267a25c1a92386b685,2023-08-19t23:52:00.000,1080,lepa,landed,eggd,arrival
65e23e267a25c1a92386b686,2023-08-19t23:39:00.000,1081,ltbs,landed,eggd,arrival
65e23e267a25c1a92386b687,2023-08-19t23:54:00.000,1082,lege,landed,eggd,arrival
65e23e267a25c1a92386b688,2023-08-20t00:01:00.000,1083,lcph,landed,eggd,arrival
65e23e267a25c1a92386b689,2023-08-20t00:16:00.000,1084,lirn,landed,eggd,arrival
65e23e267a25c1a92386b68a,2023-08-19t23:45:00.000,1085,gcfv,landed,eggd,arrival
65e23e267a25c1a92386b68b,2023-08-20t00:30:00.000,1086,lime,landed,eggd,arrival
65e23e267a25c1a92386b68c,2023-08-20t00:40:00.000,1087,leib,landed,eggd,arrival
65e23e267a25c1a92386b68d,2023-08-20t01:04:00.000,1088,lgkf,landed,eggd,arrival
65e23e267a25c1a92386b68e,2023-08-20t01:15:00.000,1089,lgrp,landed,eggd,arrival
65e23e267a25c1a92386b68f,2023-08-20t00:33:00.000,1090,lpfr,landed,eggd,arrival
65e23e267a25c1a92386b690,2023-08-20t01:00:00.000,1091,gclp,landed,eggd,arrival
65e23e267a25c1a92386b691,2023-08-20t01:24:00.000,1092,hesh,landed,eggd,arrival
65e23e267a25c1a92386b692,2023-08-20t01:19:00.000,1093,leal,landed,eggd,arrival
65e23e267a25c1a92386b693,2023-08-20t01:58:00.000,1094,lgrp,landed,eggd,arrival
65e23e267a25c1a92386b694,2023-08-20t02:21:00.000,1095,ltbs,landed,eggd,arrival
65e23e267a25c1a92386b695,2023-08-20t04:03:00.000,1096,lgsa,landed,eggd,arrival
65e23e267a25c1a92386b696,2023-08-20t23:44:00.000,1097,egnt,landed,eggd,arrival
65e23e267a25c1a92386b697,2023-08-20t23:39:00.000,1098,gcrr,landed,eggd,arrival
65e23e267a25c1a92386b698,2023-08-20t23:55:00.000,1099,leal,landed,eggd,arrival
65e23e267a25c1a92386b699,2023-08-21t00:27:00.000,1100,lirf,landed,eggd,arrival
65e23e267a25c1a92386b69a,2023-08-21t00:13:00.000,1101,leib,landed,eggd,arrival
65e23e267a25c1a92386b69b,2023-08-21t00:43:00.000,1102,lcph,landed,eggd,arrival
65e23e267a25c1a92386b69c,2023-08-21t00:58:00.000,1103,lpfr,landed,eggd,arrival
65e23e267a25c1a92386b69d,2023-08-21t00:30:00.000,1104,gcts,landed,eggd,arrival
65e23e267a25c1a92386b69e,2023-08-21t01:22:00.000,1105,ltai,landed,eggd,arrival
65e23e267a25c1a92386b69f,2023-08-21t01:46:00.000,1106,ltai,landed,eggd,arrival
65e23e267a25c1a92386b6a0,2023-08-21t01:28:00.000,1107,lgav,landed,eggd,arrival
65e23e267a25c1a92386b6a1,2023-08-21t01:39:00.000,1108,leal,landed,eggd,arrival
65e23e267a25c1a92386b6a2,2023-08-21t01:50:00.000,1109,hesh,landed,eggd,arrival
65e23e267a25c1a92386b6a3,2023-08-21t04:04:00.000,1110,lclk,landed,eggd,arrival
65e23e267a25c1a92386b6a4,2023-08-21t23:59:00.000,1111,lclk,landed,eggd,arrival
65e23e267a25c1a92386b6a5,2023-08-21t23:41:00.000,1112,lebl,landed,eggd,arrival
65e23e267a25c1a92386b6a6,2023-08-22t00:02:00.000,1113,ltbs,landed,eggd,arrival
65e23e267a25c1a92386b6a7,2023-08-21t23:57:00.000,1114,dtnh,landed,eggd,arrival
65e23e267a25c1a92386b6a8,2023-08-22t00:59:00.000,1115,lepa,landed,eggd,arrival
65e23e267a25c1a92386b6a9,2023-08-22t01:03:00.000,1116,lpfr,landed,eggd,arrival
65e23e267a25c1a92386b6aa,2023-08-22t01:18:00.000,1117,lbbg,landed,eggd,arrival
65e23e267a25c1a92386b6ab,2023-08-22t01:10:00.000,1118,lgsa,landed,eggd,arrival
65e23e267a25c1a92386b6ac,2023-08-22t00:36:00.000,1119,lgmk,landed,eggd,arrival
65e23e267a25c1a92386b6ad,2023-08-22t01:50:00.000,1120,leib,landed,eggd,arrival
65e23e267a25c1a92386b6ae,2023-08-22t01:13:00.000,1121,lgkr,landed,eggd,arrival
65e23e267a25c1a92386b6af,2023-08-22t02:55:00.000,1122,gclp,landed,eggd,arrival
65e23e267a25c1a92386b6b0,2023-08-22t02:19:00.000,1123,hegn,landed,eggd,arrival
65e23e267a25c1a92386b6b1,2023-08-22t02:27:00.000,1124,ltbs,landed,eggd,arrival
65e23e267a25c1a92386b6b2,2023-08-23t00:07:00.000,1125,eidw,landed,eggd,arrival
65e23e267a25c1a92386b6b3,2023-08-22t23:32:00.000,1126,lppr,landed,eggd,arrival
65e23e267a25c1a92386b6b4,2023-08-22t23:34:00.000,1127,lepa,landed,eggd,arrival
65e23e267a25c1a92386b6b5,2023-08-23t00:03:00.000,1128,lfmn,landed,eggd,arrival
65e23e267a25c1a92386b6b6,2023-08-23t00:51:00.000,1129,lpfr,landed,eggd,arrival
65e23e267a25c1a92386b6b7,2023-08-23t00:36:00.000,1130,lpfr,landed,eggd,arrival
65e23e267a25c1a92386b6b8,2023-08-23t01:46:00.000,1131,leal,landed,eggd,arrival
65e23e267a25c1a92386b6b9,2023-08-23t01:39:00.000,1132,lgrp,landed,eggd,arrival
65e23e267a25c1a92386b6ba,2023-08-23t01:50:00.000,1133,gcts,landed,eggd,arrival
65e23e267a25c1a92386b6bb,2023-08-23t01:34:00.000,1134,lgsa,landed,eggd,arrival
65e23e267a25c1a92386b6bc,2023-08-23t01:32:00.000,1135,ltbs,landed,eggd,arrival
65e23e267a25c1a92386b6bd,2023-08-23t01:43:00.000,1136,hegn,landed,eggd,arrival
65e23e267a25c1a92386b6be,2023-08-23t02:27:00.000,1137,ltai,landed,eggd,arrival
65e23e267a25c1a92386b6bf,2023-08-23t02:38:00.000,1138,ltai,landed,eggd,arrival
65e23e267a25c1a92386b6c0,2023-08-23t02:10:00.000,1139,ltbs,landed,eggd,arrival
65e23e267a25c1a92386b6c1,2023-08-23t02:19:00.000,1140,gvac,landed,eggd,arrival
65e23e267a25c1a92386b6c2,2023-08-23t23:45:00.000,1141,egpf,landed,eggd,arrival
65e23e267a25c1a92386b6c3,2023-08-24t00:01:00.000,1142,eddk,landed,eggd,arrival
65e23e267a25c1a92386b6c4,2023-08-23t23:32:00.000,1143,gcfv,landed,eggd,arrival
65e23e267a25c1a92386b6c5,2023-08-23t23:36:00.000,1144,lebl,landed,eggd,arrival
65e23e267a25c1a92386b6c6,2023-08-23t23:40:00.000,1145,lemg,landed,eggd,arrival
65e23e267a25c1a92386b6c7,2023-08-24t00:31:00.000,1146,lgkf,landed,eggd,arrival
65e23e267a25c1a92386b6c8,2023-08-24t01:16:00.000,1147,lgir,landed,eggd,arrival
65e23e267a25c1a92386b6c9,2023-08-24t01:06:00.000,1148,lpfr,landed,eggd,arrival
65e23e267a25c1a92386b6ca,2023-08-24t00:36:00.000,1149,lclk,landed,eggd,arrival
65e23e267a25c1a92386b6cb,2023-08-24t01:29:00.000,1150,leal,landed,eggd,arrival
65e23e267a25c1a92386b6cc,2023-08-24t01:21:00.000,1151,ltai,landed,eggd,arrival
65e23e267a25c1a92386b6cd,2023-08-24t01:39:00.000,1152,lcph,landed,eggd,arrival
65e23e267a25c1a92386b6ce,2023-08-24t01:32:00.000,1153,hesh,landed,eggd,arrival
65e23e267a25c1a92386b6cf,2023-08-24t01:26:00.000,1154,gclp,landed,eggd,arrival
65e23e267a25c1a92386b6d0,2023-08-24t01:35:00.000,1155,ltbs,landed,eggd,arrival
65e23e267a25c1a92386b6d1,2023-08-24t01:46:00.000,1156,lgav,landed,eggd,arrival
65e23e267a25c1a92386b6d2,2023-08-24t02:38:00.000,1157,ltai,landed,eggd,arrival
65e23e267a25c1a92386b6d3,2023-08-24t02:16:00.000,1158,lgko,landed,eggd,arrival
65e23e267a25c1a92386b6d4,2023-08-24t23:43:00.000,1159,eham,landed,eggd,arrival
65e23e267a25c1a92386b6d5,2023-08-24t23:43:00.000,1160,eham,landed,eggd,arrival
65e23e267a25c1a92386b6d6,2023-08-24t23:43:00.000,1161,eham,landed,eggd,arrival
65e23e267a25c1a92386b6d7,2023-08-24t23:36:00.000,1162,ltai,landed,eggd,arrival
65e23e267a25c1a92386b6d8,2023-08-25t00:06:00.000,1163,ltbs,landed,eggd,arrival
65e23e267a25c1a92386b6d9,2023-08-25t02:54:00.000,1164,ltfe,landed,eggd,arrival
65e23e267a25c1a92386b6da,2023-08-25t03:59:00.000,1165,lclk,landed,eggd,arrival
65e23e267a25c1a92386b6db,2023-08-25t23:41:00.000,1166,lepa,landed,eggd,arrival
65e23e267a25c1a92386b6dc,2023-08-25t23:53:00.000,1167,lclk,landed,eggd,arrival
65e23e267a25c1a92386b6dd,2023-08-25t23:56:00.000,1168,lirn,landed,eggd,arrival
65e23e267a25c1a92386b6de,2023-08-25t23:38:00.000,1169,lebl,landed,eggd,arrival
65e23e267a25c1a92386b6df,2023-08-25t23:47:00.000,1170,lemd,landed,eggd,arrival
65e23e267a25c1a92386b6e0,2023-08-26t00:25:00.000,1171,lemg,landed,eggd,arrival
65e23e267a25c1a92386b6e1,2023-08-26t00:14:00.000,1172,egnj,landed,eggd,arrival
65e23e267a25c1a92386b6e2,2023-08-26t01:13:00.000,1173,lgmk,landed,eggd,arrival
65e23e267a25c1a92386b6e3,2023-08-26t01:02:00.000,1174,lpfr,landed,eggd,arrival
65e23e267a25c1a92386b6e4,2023-08-26t03:37:00.000,1175,ltbs,landed,eggd,arrival
65e23e267a25c1a92386b6e5,2023-08-26t23:38:00.000,1176,eham,landed,eggd,arrival
65e23e267a25c1a92386b6e6,2023-08-26t23:38:00.000,1177,eham,landed,eggd,arrival
65e23e267a25c1a92386b6e7,2023-08-26t23:38:00.000,1178,eham,landed,eggd,arrival
65e23e267a25c1a92386b6e8,2023-08-26t23:31:00.000,1179,eidw,landed,eggd,arrival
65e23e267a25c1a92386b6e9,2023-08-27t00:01:00.000,1180,lepa,landed,eggd,arrival
65e23e267a25c1a92386b6ea,2023-08-26t23:34:00.000,1181,lege,landed,eggd,arrival
65e23e267a25c1a92386b6eb,2023-08-26t23:46:00.000,1182,lcph,landed,eggd,arrival
65e23e267a25c1a92386b6ec,2023-08-27t00:18:00.000,1183,lirn,landed,eggd,arrival
65e23e267a25c1a92386b6ed,2023-08-27t00:04:00.000,1184,gcfv,landed,eggd,arrival
65e23e267a25c1a92386b6ee,2023-08-27t00:09:00.000,1185,leal,landed,eggd,arrival
65e23e267a25c1a92386b6ef,2023-08-27t01:26:00.000,1186,lgkf,landed,eggd,arrival
65e23e267a25c1a92386b6f0,2023-08-27t01:05:00.000,1187,lgrp,landed,eggd,arrival
65e23e267a25c1a92386b6f1,2023-08-27t00:23:00.000,1188,lpfr,landed,eggd,arrival
65e23e267a25c1a92386b6f2,2023-08-27t01:21:00.000,1189,lcph,landed,eggd,arrival
65e23e267a25c1a92386b6f3,2023-08-27t01:02:00.000,1190,gclp,landed,eggd,arrival
65e23e267a25c1a92386b6f4,2023-08-27t02:04:00.000,1191,leal,landed,eggd,arrival
65e23e267a25c1a92386b6f5,2023-08-27t01:33:00.000,1192,lgrp,landed,eggd,arrival
65e23e267a25c1a92386b6f6,2023-08-27t02:16:00.000,1193,ltbs,landed,eggd,arrival
65e23e267a25c1a92386b6f7,2023-08-27t23:52:00.000,1194,lgko,landed,eggd,arrival
65e23e267a25c1a92386b6f8,2023-08-27t23:44:00.000,1195,lebl,landed,eggd,arrival
65e23e267a25c1a92386b6f9,2023-08-27t23:49:00.000,1196,leal,landed,eggd,arrival
65e23e267a25c1a92386b6fa,2023-08-28t00:16:00.000,1197,egpf,landed,eggd,arrival
65e23e267a25c1a92386b6fb,2023-08-28t01:15:00.000,1198,gcrr,landed,eggd,arrival
65e23e267a25c1a92386b6fc,2023-08-28t00:57:00.000,1199,lpfr,landed,eggd,arrival
65e23e267a25c1a92386b6fd,2023-08-28t00:45:00.000,1200,gcts,landed,eggd,arrival
65e23e267a25c1a92386b6fe,2023-08-28t01:57:00.000,1201,ltai,landed,eggd,arrival
65e23e267a25c1a92386b6ff,2023-08-28t01:42:00.000,1202,ltai,landed,eggd,arrival
65e23e267a25c1a92386b700,2023-08-28t01:54:00.000,1203,ltbs,landed,eggd,arrival
65e23e267a25c1a92386b701,2023-08-28t02:11:00.000,1204,hesh,landed,eggd,arrival
65e23e267a25c1a92386b702,2023-08-28t04:27:00.000,1205,lclk,landed,eggd,arrival
65e23e267a25c1a92386b703,2023-08-28t23:41:00.000,1206,ltai,landed,eggd,arrival
65e23e267a25c1a92386b704,2023-08-29t00:16:00.000,1207,lclk,landed,eggd,arrival
65e23e267a25c1a92386b705,2023-08-28t23:30:00.000,1208,gmmx,landed,eggd,arrival
65e23e267a25c1a92386b706,2023-08-28t23:51:00.000,1209,ltai,landed,eggd,arrival
65e23e267a25c1a92386b707,2023-08-30t00:00:00.000,1210,lebl,landed,eggd,arrival
65e23e267a25c1a92386b708,2023-08-30t00:35:00.000,1211,lfmn,landed,eggd,arrival
65e23e267a25c1a92386b709,2023-08-30t00:45:00.000,1212,lpfr,landed,eggd,arrival
65e23e267a25c1a92386b70a,2023-08-30t00:17:00.000,1213,egkk,landed,eggd,arrival
65e23e267a25c1a92386b70b,2023-08-30t01:48:00.000,1214,leal,landed,eggd,arrival
65e23e267a25c1a92386b70c,2023-08-30t01:31:00.000,1215,gcts,landed,eggd,arrival
65e23e267a25c1a92386b70d,2023-08-30t01:58:00.000,1216,ltbs,landed,eggd,arrival
65e23e267a25c1a92386b70e,2023-08-30t02:12:00.000,1217,ltai,landed,eggd,arrival
65e23e267a25c1a92386b70f,2023-08-30t02:15:00.000,1218,ltbs,landed,eggd,arrival
65e23e267a25c1a92386b710,2023-08-30t02:52:00.000,1219,gvac,landed,eggd,arrival
65e23e267a25c1a92386b711,2023-08-30t23:56:00.000,1220,lemd,landed,eggd,arrival
65e23e267a25c1a92386b712,2023-08-30t23:53:00.000,1221,egpf,landed,eggd,arrival
65e23e267a25c1a92386b713,2023-08-31t00:06:00.000,1222,lebl,landed,eggd,arrival
65e23e267a25c1a92386b714,2023-08-30t23:59:00.000,1223,lemg,landed,eggd,arrival
65e23e267a25c1a92386b715,2023-08-31t01:03:00.000,1224,lpfr,landed,eggd,arrival
65e23e267a25c1a92386b716,2023-08-31t01:00:00.000,1225,lclk,landed,eggd,arrival
65e23e267a25c1a92386b717,2023-08-31t01:16:00.000,1226,gclp,landed,eggd,arrival
65e23e267a25c1a92386b718,2023-08-31t02:15:00.000,1227,lgav,landed,eggd,arrival
65e23e267a25c1a92386b719,2023-08-31t02:28:00.000,1228,ltai,landed,eggd,arrival
65e23e267a25c1a92386b71a,2023-08-31t02:22:00.000,1229,lgko,landed,eggd,arrival
65e23e267a25c1a92386b71b,2023-08-31t23:58:00.000,1230,gcrr,landed,eggd,arrival
65e23e267a25c1a92386b71c,2023-08-31t23:46:00.000,1231,ltbs,landed,eggd,arrival
65e23e267a25c1a92386b71d,2023-08-11t05:51:00.000,1232,lgkr,active,eggd,departure
65e23e267a25c1a92386b71e,2023-08-18t05:57:00.000,1233,lgkr,active,eggd,departure
65e23e267a25c1a92386b71f,2023-08-25t05:50:00.000,1234,lgkr,active,eggd,departure
